A,B,C,D,E,F,G,H,I,J
珠村牌坊华润万家漫广场三溪5号线君易商务中心精装,1580,珠村东桥大街自建房,整租,朝南,有电梯,,3室1厅80平米,天河东圃 珠村东横一路,https://gz.zu.anjuke.com/fangyuan/3615747582418946?isauction=2&shangquan_id=2695&legoFeeUrl=https%3A%2F%2Flegoclick.58.com%2Fjump%3Ftarget%3DpZwY0ZnlsztdraOWUvYKuaYOn1KbPj6WPBYvPhm1sHwWPvEVrjwhPidBPvRbnWI6uhNQujTKnHTYrjEOP1TQPjDYnWDQTED1PWDdP1ELPH9zPjD3rHEvTHDQrHTkTHDQrHTkTHD_nHTKnkDQP1cYP1mvPHmkn19zTHDKwbnVNDnVENGssXXMMSpcfzLG8OWCoJH-BFxCCpWGCUNKnEDQTEDVnEDKnH9zrjndP1mvnH9On1DzPjTOPkDvTEDQTywbrAEkujDQsyEvPj0VPjwhuiY3nyc1sH--mhRhmHK-PjPbPTDQrjc3n1NLPWmQrH0LnjDknH0vTHD3nW91PH0vPWDOPHD3PjTzPHmKTHD_nHTKTEDKsEDKTEDKra3Qn1E8rHN8nWcvTHTKnTDKnikQnE7exEDQnjT1P9DQnjTQPWmYTyN1uAuhuyFBsymYPj9VPAmLnidBuAmOsH9knW7WP1n3ujFhrEDKPTDKTHTKnzkQPWNYsjcvrHNKnE78IyQ_THR-nH93nHI6P16hnWb1PHN&lego_tid=e3dffebb-f448-4f71-bdf9-8021c738d2f9&psid=933d1722ba71b81c3a0a0441ab0ebb5f
首月0租金 地铁站旁 新房出租 交通方便 采光充足 环境优美,1000,宦溪村,整租,东南,5号线,,1室1厅35平米,天河东圃 宦溪北路,https://gz.zu.anjuke.com/fangyuan/3676572979814405?isauction=2&shangquan_id=2695&legoFeeUrl=https%3A%2F%2Flegoclick.58.com%2Fjump%3Ftarget%3DpZwY0ZnlsztdraOWUvYKuaYOn1KbPj6WPBYvPhm1sHwWPvEVrjwhPidBPvRbnWI6uhNQujTKP1mYPH0OPWDkPWD1rj0KTHnvP1mdP1cOP1b3nHEYnjNKnHDOnjTKrHNknTDQsjDkTHnKnH0zPj0vPWNvnjn3nkDzTNujsRKjsN72izLMGO4hBstVlU8ml2lbOmBgl2AClpAdTHDKnEDKsHDKTHD3nW91P1E1nWbOnH93nHcQPWTKP9DKnED1nj-WnyNzriYLmyuWsHELPAmVmhcOPiYkuymYmWbdmHEkmycKnH9zrjnLPjn1nHnYrHTvnHm1PTDQrjc3n10Yn1nQn1c3njbknHD1TEDQsjDkTEDKTiYKTEDKTH98nHnYsWbdsWczP9DkTHTKTHD_nHDKXLYKnHTkn1mKnHTknHmvPTDzPjKBmvNzPidBmWNYsHwBryEVrH9YPBdBmH0YrHcLuAnvnjbKTHEKTEDkTHn_nHmdPakzPWbdTHDKUMR_UT7bnjP6nvEvnhE3myN3rH7b&lego_tid=240bce25-bb54-4b9d-9846-ba74927dc609&psid=933d1722ba71b81c3a0a0441ab0ebb5f
盈彩美居两房 园林小区 三溪地铁口 拎包入住 随时看房,4300,盈彩美居,整租,朝南,有电梯,5号线,2室2厅81平米,天河东圃 盈溪路,https://gz.zu.anjuke.com/fangyuan/3680917468224516?isauction=2&shangquan_id=2695&legoFeeUrl=https%3A%2F%2Flegoclick.58.com%2Fjump%3Ftarget%3DpZwY0ZnlsztdraOWUvYKuaYOn1KbPj6WPBYvPhm1sHwWPvEVrjwhPidBPvRbnWI6uhNQujTKP1DYPHEOrjm1nWb3P1TKTHnvrjTOnH0YPW9znWEdnHmKnHDOnjTKnHDOnjTKnikQnTD1THDLnWELPWmdPWT1rjnKnk7AEzdEEzdKib_VOlXxOCB4sXhehrB8Gryc-SB6Jrh6VEDQTHDKTiYQTEDQrjc3n1EQrjDOPjbOn1bLnHckTHmKTHDKuWbduWbknWEVP1wBuiYYnjczsycvn1NVuHc1ujc3n10dPj0kTHD3nW91PjD3nHbdP1bQnjDQrjEKnH9zrjnYnH9QrHNdrjDzrHmvPTDKnikQnTDKTEDVTEDKTED3sWD1Pa3OPi3znWmKnTDkTEDQsjDQTgVqTHDknjnvTHDknjDvPWEKnjI6nWKWmyEVuWP-riYYmv7BsycdPANVnH0YnWn3nhEvrHEzTEDYTEDKnTD1sjDvPHE_nWmOPEDQTyOdUAkKPyD1PhFBrARhnjEQPjDvn9&lego_tid=07a20cad-f3e9-4cab-b54e-1742382d6942&psid=933d1722ba71b81c3a0a0441ab0ebb5f
兰亭盛荟精装修三房押一付一随时入住南向车位充足,6800,兰亭盛荟,整租,朝南,有电梯,5号线,3室2厅101平米,天河东圃 东圃明镜路,https://gz.zu.anjuke.com/fangyuan/3680051427058690?isauction=2&shangquan_id=2695&legoFeeUrl=https%3A%2F%2Flegoclick.58.com%2Fjump%3Ftarget%3DpZwY0ZnlsztdraOWUvYKuaYOn1KbPj6WPBYvPhm1sHwWPvEVrjwhPidBPvRbnWI6uhNQujTKn19OPWEvnjbYrH9QnWNKTHnvrjTkPHDYnW0kPH9vrHTKnHDOnjTKnHDOnjTKnikQnTD1THDLnWELPWmdPWT1rjnKPT7AEzdEEzdKib_VOlXxOCB4sXhehrB8Gryc-SB6Jrh6VEDQTHDKTiYQTEDQrjcLPHcYnHndrjbdPHc1n1c3THmKTHDKmH0duHcvuhEVmHc3niYYPHIWsy76PHDVrHnLuHbQnH0OPAnOTHD3nW0dnWEQn101rjEYP1mvP1cKnH9zP1NzPjD1P1nYPW0QnHNdPEDKnikQnTDKTEDVTEDKTED3sWD1Pa3OPi3znWmKnTDkTEDQsjDQTgVqTHDknjnvTHDknjDvPWEKujcdm1b1PH0VnjbduBYYujbvsyc3PAnVnhDzuWRbuHTQuymYTEDYTEDKnTD1sjDvPHE_nWmOPEDQTyOdUAkKuHnvnym1rj6buHT1uWuhnk&lego_tid=d25c9357-095f-4d96-b84c-2a2f5de01ef4&psid=933d1722ba71b81c3a0a0441ab0ebb5f
同和地铁大源黄庄，路边电梯公寓，采光通透，拎包入住,1500,大源黄庄南路小区,整租,朝南,有电梯,,1室1厅49平米,白云黄庄 大源黄庄南路,https://gz.zu.anjuke.com/fangyuan/3690993874477065?isauction=2&shangquan_id=35961&legoFeeUrl=https%3A%2F%2Flegoclick.58.com%2Fjump%3Ftarget%3DpZwY0ZnlsztdraOWUvYKuaYOn1KbPj6WPBYvPhm1sHwWPvEVrjwhPidBPvRbnWI6uhNQujTKPWcQnHbYPWDzPH9zPHbKTHnvrHTOrHn3P1EYP10kPWNKnHTQPjbKnHTznjTKnikQnTD1THDLnWELPWmdPWT1rjnKPE7AEzdEEzdKib_VOlXxOCB4sXhehrB8Gryc-SB6Jrh6VEDQTHDKTiYQTEDQrjc3njTdnHnvrH0OPHD1n1EYTHmKTHDKuHbLuHuBrADVPjNznBYYmHTvsy76PHTVrHE1rH66PvE3rHKhTHD3nW9knjNQn1mOnHmvnHDkP1nKnH9zrjTkPHD1P1TvP1NOP19zP9DKnikQnTDKTEDVTEDKTED3sWD1Pa3OPi3znWmKnTDkTEDQsjDQTgVqTHDknjnvTHDknjDvPWEKmhR6rH9dPymVuAE3nBYYny7bsyDkrjnVrHNkmHTLn1cdnywhTEDYTEDKnTD1sjDvPHb_n1NOPWDKnE78IyQ_TyR6rAnLmH0duywBuAnOnjc&lego_tid=bea9855f-dd82-41ad-a083-950a073251df&psid=933d1722ba71b81c3a0a0441ab0ebb5f
直租房 押一付一 有免租！精装一房 新房开租 可养宠,900,嘉禾下新村,整租,朝南,有电梯,2/14号线/3号线(北延段),1室1厅40平米,白云嘉禾望岗 下新村街,https://gz.zu.anjuke.com/fangyuan/2871558849864705?isauction=2&shangquan_id=12290&legoFeeUrl=https%3A%2F%2Flegoclick.58.com%2Fjump%3Ftarget%3DpZwY0ZnlsztdraOWUvYKuaYOn1KbPj6WPBYvPhm1sHwWPvEVrjwhPidBPvRbnWI6uhNQujTKPjmdnjTYP1bYnWcznWDKTHc3P1DdPH93Pjb3PWELnjNKnHDQnjTKrjbknTDQsjDkTHnKnH0zPj0vPWNvnjn3nkDvTNujsRKjsN72izLMGO4hBstVlU8ml2lbOmBgl2AClpAdTHDKnEDKsHDKTHD3nW9YnWcknjczPj9krjDYnj9KP9DKnEDLuHNkuyN1raY3nH7-sHELmHcVryNkPaYLrH76uWn3nWN3rH9KnH9zrjEznWTknWnQPHDdn1EkrEDQrjc3PjcznjTzn1TvP1m3rjbLTEDQsjDkTEDKTiYKTEDKTH98nHnYsWbdsWczP9DkTHTKTHD_nHDKXLYKnHTkn1mKnHTknHmvPT7WPAEzPvDdPiYLuHTksHwWmyEVmHNvriY3uyNkm1wWPy7Bm1bKTHEKTEDkTHn_nHmdrikQnWcOnTDQTyOdUAkKnhPWPhcvn1RhPHnQuyu6PT&lego_tid=c4d27a55-7e00-4cad-a569-8ee0c4c5abc9&psid=933d1722ba71b81c3a0a0441ab0ebb5f
东粤生态园 长兴创意园 无中间商赚差价 拎包入住 整租,998,豪泉商务大厦,整租,朝南,有电梯,2/14号线/3号线(北延段),1室0厅25平米,白云嘉禾望岗 望岗塘田街自编126-128号,https://gz.zu.anjuke.com/fangyuan/3069495058211844?isauction=2&shangquan_id=12290&legoFeeUrl=https%3A%2F%2Flegoclick.58.com%2Fjump%3Ftarget%3DpZwY0ZnlsztdraOWUvYKuaYOn1KbPj6WPBYvPhm1sHwWPvEVrjwhPidBPvRbnWI6uhNQujTKPjEzPHD1Pj9LrHDkPHnKTHnkPWbYrHNkPH9znHD3PjEKnHDQnjTKrjbknTDQsjDkTHnKnH0zPj0vPWNvnjn3nkDLTNujsRKjsN72izLMGO4hBstVlU8ml2lbOmBgl2AClpAdTHDKnEDKsHDKTHD3nW01P19OPWnYPHEOn1NkPjTKP9DKnE7BPWIbuHPWriYQm17WsHwBP1NVmyRhnzY3rAFhuWcdPyDQmvNKnH9zP1nLrjbvPjmdPjNQPjDLPkDQrjcLn103rHmYPj03n1mQPWTQTEDQsjDkTEDKTiYKTEDKTH98nHnYsWbdsWczP9DkTHTKTHD_nHDKXLYKnHTkn1mKnHTknHmvPTD1nW6bm101nBYdPH0zsHE1uAmVry7WraY3uHuBmyn1nycQPWTKTHEKTEDkTHn_nHmdrikQnWcOnTDQTyOdUAkKPyF6nj-6rH9YuAPhnhmkPT&lego_tid=328dc732-5572-43df-9ac8-8e6bac31b160&psid=933d1722ba71b81c3a0a0441ab0ebb5f
可议价 紧邻地铁 精装房 面积大 家私电器齐全 随时可约看房,800,夏埔村,整租,朝西,13号线,,1室0厅25平米,增城新塘 水南大道东,https://gz.zu.anjuke.com/fangyuan/3477314740674573?isauction=2&shangquan_id=6526&legoFeeUrl=https%3A%2F%2Flegoclick.58.com%2Fjump%3Ftarget%3DpZwY0ZnlsztdraOWUvYKuaYOn1KbPj6WPBYvPhm1sHwWPvEVrjwhPidBPvRbnWI6uhNQujTKP1mYPH0OPWDkPWD1rj0KTHnYP101nHELPjTvP1EdP1nKnHTznjTKrjcknTDQsjDkTHnKnH0zPj0vPWNvnjn3nkD3TNujsRKjsN72izLMGO4hBstVlU8ml2lbOmBgl2AClpAdTHDKnEDKsHDKTHD3nW91P1E1nHTvrHcQnWcvnWEKP9DKnE76ujEvnHbQmBdhuAu-sHE3rADVmHP6uid-mH9vPvRbPAmLrj9KnH9zrjnLPjnQnWDdPHbvn1nOnkDQrjc3n10Yn1DznHD3nH9Qrj9OTEDQsjDkTEDKTiYKTEDKTH98nHnYsWbdsWczP9DkTHTKTHD_nHDKXLYKnHTkn1mKnHTknHmvPTD1rjI6njnzuaYOn1FbsHEdP1NVryPBnzYkmWNQuhE3uhDdryNKTHEKTEDkTHn_PWNzPakvPHcvTHDKUMR_UT7WrjTOuH-bmH7BmhNOPH0L&lego_tid=387a032d-932d-4575-9cb3-0b51fd8fa59e&psid=933d1722ba71b81c3a0a0441ab0ebb5f
3号线永泰地铁站，精修装超大单间南北通透民水民电商圈配套齐全,1580,学山塘街自建房,整租,朝南,有电梯,3号线(北延段),1室1厅40平米,白云永泰 学山塘街27号,https://gz.zu.anjuke.com/fangyuan/3676721468810252?isauction=2&shangquan_id=6742&legoFeeUrl=https%3A%2F%2Flegoclick.58.com%2Fjump%3Ftarget%3DpZwY0ZnlsztdraOWUvYKuaYOn1KbPj6WPBYvPhm1sHwWPvEVrjwhPidBPvRbnWI6uhNQujTKnHTknWmQPWckrHbkP19LTED1PW0vP1cQPjm3rjDknWNzTHDQnWb3THbknjTKnikQnTD1THDLnWELPWmdPWT1rjnKrE7AEzdEEzdKib_VOlXxOCB4sXhehrB8Gryc-SB6Jrh6VEDQTHDKTiYQTEDQrjc3nW9dPH0kPHE3nWbLP1c3THmKTHDKP1-bmyNdnHDVuHn3naYYnWDYsH9kP1TVuW0vuhNzmH9kryw6THD3nW9zrjNdP1TvPjELPHT1n10KnH9zrjc3PHNLnjNOPjE1rHDvrTDKnikQnTDKTEDVTEDKTED3sWD1Pa3OPi3znWmKnTDkTEDQsjDQTgVqTHDknjnvTHDknjDvPWEKP10OmywbuHbVrHcduiYYrH03sH9znHbVnAEduAEYnHmOn1NkTEDYTEDKnTD1sjDvPHb_PW0Yn9DQTyOdUAkKm10dnHc1PANQuyD3uW9vuE&lego_tid=779adde9-925e-4978-8219-0d5dd4169350&psid=933d1722ba71b81c3a0a0441ab0ebb5f
江夏地铁站 新牌坊 东一街电梯精装一房一厅,1580,江夏东一街自建房,整租,朝南,有电梯,2号线,1室1厅40平米,白云江夏 江夏东一街,https://gz.zu.anjuke.com/fangyuan/3647133432503302?isauction=2&shangquan_id=21901&legoFeeUrl=https%3A%2F%2Flegoclick.58.com%2Fjump%3Ftarget%3DpZwY0ZnlsztdraOWUvYKuaYOn1KbPj6WPBYvPhm1sHwWPvEVrjwhPidBPvRbnWI6uhNQujTKP1Ndrj9zPjTvPWc3nWEKTHnvPj0Qn1nYn1cdnjn1njcKrHbknTDOrHTkTHD_nHTKnkDQP1cYP1mvPHmkn191THDkTNujsRKjsN72izLMGO4hBstVlU8ml2lbOmBgl2AClpAdTHDKnEDKsHDKTHD3nW9YnHmYPWDLPWN1rH9dnW9KP9DKnE7WmHRhnHb1mzYQPyu-sHE3uHTVrH9QmBYkPH0dPH6Bm1cknHTKnH9zrjEQPWEvnH91PW0Qn1b3PEDQrjc3PjDvPjmQrjDOrHnvP1m3TEDQsjDkTEDKTiYKTEDKTH98nHnYsWbdsWczP9DkTHTKTHD_nHDKXLYKnHTkn1mKnHTknHmvPTDYnWc1PH9vraYOnAN3sHEvmWEVrjFBnzYQmynLryEOuA7hn1EKTHEKTEDkTHn_nHmdrikznHbknEDQTyOdUAkKrHT3PA7WPyDzPyNknW6WPT&lego_tid=42235868-90e8-46b4-82b3-1ac79d9daf34&psid=933d1722ba71b81c3a0a0441ab0ebb5f
近3号线永泰地铁站，精装修超大阳台单间，南北通透民水民电,1500,学山塘街自建房,整租,朝南,有电梯,3号线(北延段),1室1厅40平米,白云永泰 学山塘街27号,https://gz.zu.anjuke.com/fangyuan/3672969847643141?isauction=2&shangquan_id=6742&legoFeeUrl=https%3A%2F%2Flegoclick.58.com%2Fjump%3Ftarget%3DpZwY0ZnlsztdraOWUvYKuaYOn1KbPj6WPBYvPhm1sHwWPvEVrjwhPidBPvRbnWI6uhNQujTKnHTknWmQPWckrHbkP19LTED1PW0zrHmOrjELPWE1nHEQTHDQnWb3THbknjTKnikQnTD1THDLnWELPWmdPWT1rjnKnHDKwbnVNDnVENGssXXMMSpcfzLG8OWCoJH-BFxCCpWGCUNKnEDQTEDVnEDKnH9zrjc3PHN1njEOPW9OnWbzrEDvTEDQTHubuyFhnjNLsywbPWnVPjNYmiY3ujPbsy76mWEYPyu6PyuhnEDQrjc3nW9dPHnkPWDknHcvrjE3THD3nW9zrjNdn1TdrjbQrHcQrHcKTHD_nHTKTEDKsEDKTEDKra3Qn1E8rHN8nWcvTHTKnTDKnikQnE7exEDQnjT1P9DQnjTQPWmYTHbzn16BmWN3syuhmHcVPAEdnaYOn1nksHNLmH7-P1RbuhnLPEDKPTDKTHTKnzkQPWNOsjmLPjcKnE78IyQ_TH7brj9vnhczuynYm16-PHb&lego_tid=9238bb58-ffa2-4d50-9330-57a1e75dfc75&psid=933d1722ba71b81c3a0a0441ab0ebb5f
体育中心地铁口  都市华庭大面积 高层景观开阔 适合工作室,16500,都市华庭(天河),整租,朝北,有电梯,1/3号线/3号线(北延段)/APM线,6室3厅316.5平米,天河天河北 天河北路358-378号,https://gz.zu.anjuke.com/fangyuan/3680983482246145?isauction=2&shangquan_id=2691&legoFeeUrl=https%3A%2F%2Flegoclick.58.com%2Fjump%3Ftarget%3DpZwY0ZnlsztdraOWUvYKuaYOn1KbPj6WPBYvPhm1sHwWPvEVrjwhPidBPvRbnWI6uhNQujTKrHDOn19drHmYPjc1rjbKTHnvrjTOrjnYrjczPjmQPjNKnWDznjTKnWDznjTKnikQnTD1THDLnWELPWmdPWT1rjnKnHcKwbnVNDnVENGssXXMMSpcfzLG8OWCoJH-BFxCCpWGCUNKnEDQTEDVnEDKnH9zrjnvPjTkPWmYnHbYnWNzrTDvTEDQTH9kPjubnWndsHT3nWNVPj6Bmzd6ujbksHPhnANOnAmkPymOnkDQrjc3n1mYnjT3nHb3njcdnWDLTHD3nW91PWEknj9QP1c3P1DvrjTKTHD_nHTKTEDKsEDKTEDKra3Qn1E8rHN8nWcvTHTKnTDKnikQnE7exEDQnjT1P9DQnjTQPWmYTH9Ynhu-ujEksyFbPjTVPAnYPzY3nH-hsycQn1P6PhD1uyE1uTDKPTDKTHTKnzkQPWNYsjcvrHDKnE78IyQ_TyNOP1c3rjNYPWKBuhDLrHD&lego_tid=842fed40-bd40-4c47-819f-b133a6a3ed3d&psid=933d1722ba71b81c3a0a0441ab0ebb5f
东圃次新楼 东尚明苑 精装两房 拎包入住 随时可看 可谈价,4500,东尚明苑,整租,朝南,有电梯,4/21号线,2室2厅72.7平米,天河东圃 旭景西街202号,https://gz.zu.anjuke.com/fangyuan/3607714119853068?isauction=2&shangquan_id=2695&legoFeeUrl=https%3A%2F%2Flegoclick.58.com%2Fjump%3Ftarget%3DpZwY0ZnlsztdraOWUvYKuaYOn1KbPj6WPBYvPhm1sHwWPvEVrjwhPidBPvRbnWI6uhNQujTKPjDdnjEvrjD1P10zrHNKTHnvnj0LnHEQnHb3PHnkPW9KnHDOnjTKnHDOnjTKnikQnTD1THDLnWELPWmdPWT1rjnKnHnKwbnVNDnVENGssXXMMSpcfzLG8OWCoJH-BFxCCpWGCUNKnEDQTEDVnEDKnH9kPWm3nWcLnj0YrHcQnWmLPEDvTEDQTHIbnvmkmynLsHEvrjcVPjwBmzY3uymzsHndmvcvnhcOrH76nEDQrjTvPW9znW0krjnLnW93rHmkTHD3njmvrjczP1T3nHm1nWbLnW9KTHD_nHTKTEDKsEDKTEDKra3Qn1E8rHN8nWcvTHTKnTDKnikQnE7exEDQnjT1P9DQnjTQPWmYTHmzmvm1nhE3syDvnAcVPADYnzY3PjczsH9YnWDYrHbYPH-WmEDKPTDKTHTKnzkQPWNYsjcvrHNKnE78IyQ_TH01nW-hujEdn1NOnvDkPAm&lego_tid=62cf32d8-a60b-4a43-8422-8421499459ca&psid=933d1722ba71b81c3a0a0441ab0ebb5f
天河万科云城附近，全新出租，民用水电，楼下吃喝，拎包即可入住,1480,凌塘村,整租,南北,有电梯,21号线,1室1厅35平米,天河天河智慧城 上街北路46号,https://gz.zu.anjuke.com/fangyuan/3122320147440649?isauction=2&shangquan_id=37374&legoFeeUrl=https%3A%2F%2Flegoclick.58.com%2Fjump%3Ftarget%3DpZwY0ZnlsztdraOWUvYKuaYOn1KbPj6WPBYvPhm1sHwWPvEVrjwhPidBPvRbnWI6uhNQujTKrHD1PjTzrj9vn1NOn1cKTHnQnWc1nWTQPj0YPjTvPjbKnHndPWbKnHTOnjTKnikQnTD1THDLnWELPWmdPWT1rjnKnHEKwbnVNDnVENGssXXMMSpcfzLG8OWCoJH-BFxCCpWGCUNKnEDQTEDVnEDKnH9zrjn3njTkPHm1PjDOPHEdP9DvTEDQTyu6myRWnj-bsHPbPWNVPjbznBY3nHcksHb3PWN3PAF6rjIBPkDQrjc3n19knjTdP1cznW0QP1EYTHD3nW91rjTknjNLnjD1nj9YnHmKTHD_nHTKTEDKsEDKTEDKra3Qn1E8rHN8nWcvTHTKnTDKnikQnE7exEDQnjT1P9DQnjTQPWmYTHuWmhwhmyNvsyn1rH9VPjmkradBuyDksyczuWT3m19vPHRhuTDKPTDKTHTKnzkQPWNYsjnLn10YTHDKUMR_UTDkPAN3rHT3PHmzmWTYmHbY&lego_tid=6cbdfae6-c398-4608-bea0-b2f08c8655fd&psid=933d1722ba71b81c3a0a0441ab0ebb5f
4号线急租车陂地铁万胜围琶洲联合社区珠江新城拎包入住,1800,车陂龙口大街自建房,整租,朝西,有电梯,4/5/21号线,1室1厅40平米,天河车陂 车陂龙口大街8号,https://gz.zu.anjuke.com/fangyuan/3627126830997515?isauction=2&shangquan_id=5910&legoFeeUrl=https%3A%2F%2Flegoclick.58.com%2Fjump%3Ftarget%3DpZwY0ZnlsztdraOWUvYKuaYOn1KbPj6WPBYvPhm1sHwWPvEVrjwhPidBPvRbnWI6uhNQujTKnHTYP1EYPWbvnHN3njDOTED1PWcLnHcvrjnkrHbLPHDdTHDQPHTkTHDQPHTkTHD_nHTKnkDQP1cYP1mvPHmkn191THDdTNujsRKjsN72izLMGO4hBstVlU8ml2lbOmBgl2AClpAdTHDKnEDKsHDKTHD3nW9zrHm3P1TYPj03PWDLPWTKP9DKnE7bn1cdP1n1raYdPWRbsHE1uHDVmWmOuiY3rjmOmhczPhnOPAcKnH9zrjcOPW9LnjNzn1ndnHTYnTDQrjc3nWbvrj0kPHTvPH0LrHckTEDQsjDkTEDKTiYKTEDKTH98nHnYsWbdsWczP9DkTHTKTHD_nHDKXLYKnHTkn1mKnHTknHmvPTDdnWbYnAc3PidbuWbvsHEOmHbVmH66PaYYP1EkmycvPhcQmH0KTHEKTEDkTHn_nHmdPakdrHDkTHDKUMR_UTD3PjD1P1cznhnvuhm1njR-&lego_tid=52940b85-df96-49a9-a8a4-4740ab66b1a7&psid=933d1722ba71b81c3a0a0441ab0ebb5f
金地天河峯睿 精装修四房 新风系统 中央空调 高层望花园,7200,金地天河峯睿,整租,朝南,有电梯,21号线,4室2厅115.3平米,天河棠东 健明五路,https://gz.zu.anjuke.com/fangyuan/3661544167283718?isauction=2&shangquan_id=16018&legoFeeUrl=https%3A%2F%2Flegoclick.58.com%2Fjump%3Ftarget%3DpZwY0ZnlsztdraOWUvYKuaYOn1KbPj6WPBYvPhm1sHwWPvEVrjwhPidBPvRbnWI6uhNQujTKrjmQPjN1P1Dkrj9OPjnKTHnvPWDdPjEQPW0zrjnLnH9KnHD1rHbKrHDknTDQsjDkTHnKnH0zPj0vPWNvnjn3nkDQP97AEzdEEzdKib_VOlXxOCB4sXhehrB8Gryc-SB6Jrh6VEDQTHDKTiYQTEDQrjc3n1D3rjmYP1DOPHcLrHnvTHmKTHDKnWDQPHK6nvDVPWN1uaYYuWPBsyF-rH0VPjP-rHTQnH--PymvTHD3nW91nH93PWmznWbYrHnLPWDKnH9zrjnQrj9vPWcdnjE3rH9dP9DKnikQnTDKTEDVTEDKTED3sWD1Pa3OPi3znWmKnTDkTEDQsjDQTgVqTHDknjnvTHDknjDvPWEKuAwBrHDvuyDVrH91nBYYujFbsy7-nWmVuHPhnyNkuWKbuHDYTEDYTEDKnTD1sjDvPHE_nHmknH9KnE78IyQ_TycLPymLn1T1mWEYuHcOnHT&lego_tid=ddb916ea-9832-4d2d-ae26-e3f1e0f0de14&psid=933d1722ba71b81c3a0a0441ab0ebb5f
近3号线永泰地铁站，采光充足超大单间家私家电齐全周边商圈繁华,1560,元下田村,整租,朝南,有电梯,3号线(北延段),1室1厅40平米,白云永泰 元下田三路,https://gz.zu.anjuke.com/fangyuan/3672996048495625?isauction=2&shangquan_id=6742&legoFeeUrl=https%3A%2F%2Flegoclick.58.com%2Fjump%3Ftarget%3DpZwY0ZnlsztdraOWUvYKuaYOn1KbPj6WPBYvPhm1sHwWPvEVrjwhPidBPvRbnWI6uhNQujTKnHTknWmQPWckrHbkP19LTED1PW0zrHbvnjE3PjbdPWcdTHDQnWb3THbknjTKnikQnTD1THDLnWELPWmdPWT1rjnKnH0KwbnVNDnVENGssXXMMSpcfzLG8OWCoJH-BFxCCpWGCUNKnEDQTEDVnEDKnH9zrjc3PHEQPHm3nHbOPj0dn9DvTEDQTywBuhnLnjmksHKBnhNVPANduBY3nHmvsHnznHEvnADLrjKWnTDQrjc3nW9dPjDdP1mQPWbkPWcYTHD3nW9zrjNYnHNLPjTLnHbQnjEKTHD_nHTKTEDKsEDKTEDKra3Qn1E8rHN8nWcvTHTKnTDKnikQnE7exEDQnjT1P9DQnjTQPWmYTH--uhE1nhmYsHwBPHnVPAFWmBdBPWNvsHbOnhDvm1bkuW6WmEDKPTDKTHTKnzkQPWNOsjmLPjcKnE78IyQ_THFWm1n1uH7-nyF-nhR6mHD&lego_tid=9efd32f4-4b53-4bcb-b656-992a6c90f8ca&psid=933d1722ba71b81c3a0a0441ab0ebb5f
珠村牌坊 电梯高层单间 全视野 一览众山小！鸿德广场羽泰广场,980,珠村南门社新街四巷-十五巷自建房,整租,朝南,有电梯,,1室0厅45平米,天河东圃 珠村南门社新街八巷10号,https://gz.zu.anjuke.com/fangyuan/3623005747667979?isauction=2&shangquan_id=2695&legoFeeUrl=https%3A%2F%2Flegoclick.58.com%2Fjump%3Ftarget%3DpZwY0ZnlsztdraOWUvYKuaYOn1KbPj6WPBYvPhm1sHwWPvEVrjwhPidBPvRbnWI6uhNQujTKPHmdPj0dPHDLn1N1nWDKTHnvnWnknjNLPj0vPW0OP1bKnHDOnjTKnHDOnjTKnikQnTD1THDLnWELPWmdPWT1rjnKnH9KwbnVNDnVENGssXXMMSpcfzLG8OWCoJH-BFxCCpWGCUNKnEDQTEDVnEDKnH9zrjEzrj9dn1nkn19OPjTQPkDvTEDQTHEQPjKbPHD3sycOm10VPAR-raY3uyDOsHDkn1nzuj0dPAF6PEDQrjc3Pjc3rjNYPWNYPjNQP1D1THD3nW9YnW93PHEvnWT3rHnQrjEKTHD_nHTKTEDKsEDKTEDKra3Qn1E8rHN8nWcvTHTKnTDKnikQnE7exEDQnjT1P9DQnjTQPWmYTyN3njwhnHbvsHc1Pj9VPA7WPaYOmHKWsH9YnjEQnyNkrjuBPEDKPTDKTHTKnzkQPWNYsjcvrHNKnE78IyQ_Ty7-nH0dnyFbuhn1PhFbPAm&lego_tid=e804f196-2348-4ac4-9a0c-840411e086b5&psid=933d1722ba71b81c3a0a0441ab0ebb5f
永泰白云大道北双地铁站，民水民电领包入住商圈配套齐全南北通透,1480,福泰轩,整租,朝南,有电梯,3号线(北延段),1室1厅40平米,白云永泰 福泰东路1-1号,https://gz.zu.anjuke.com/fangyuan/3675199708356612?isauction=2&shangquan_id=6742&legoFeeUrl=https%3A%2F%2Flegoclick.58.com%2Fjump%3Ftarget%3DpZwY0ZnlsztdraOWUvYKuaYOn1KbPj6WPBYvPhm1sHwWPvEVrjwhPidBPvRbnWI6uhNQujTKnHTknWmQPWckrHbkP19LTED1PW0dnHbOP1T3n1NvPWDzTHDQnWb3THbknjTKnikQnTD1THDLnWELPWmdPWT1rjnKnHbKwbnVNDnVENGssXXMMSpcfzLG8OWCoJH-BFxCCpWGCUNKnEDQTEDVnEDKnH9zrjc3PHcvPj0LPHDLPWDOn9DvTEDQTH9LrjNduWFWsHEdn1TVPAP-PBYOnHcYsycvmWwWnhDYrHKBPTDQrjc3nW9dnWmYrjNOnjcOPHTYTHD3nW9zrjNzPWE3n1n3rHmYPj9KTHD_nHTKTEDKsEDKTEDKra3Qn1E8rHN8nWcvTHTKnTDKnikQnE7exEDQnjT1P9DQnjTQPWmYTymYuWN1mWNQsH9knjTVPjF-PadBnjDksH-brjNYPWT1n1KBnTDKPTDKTHTKnzkQPWNOsjmLPjcKnE78IyQ_THb1nhR-PW91nAu6PHIWmhN&lego_tid=f4f53b51-8000-42e4-b010-9d85460330b0&psid=933d1722ba71b81c3a0a0441ab0ebb5f
三号线地铁100米 精装电梯一房一厅大阳台 商圈繁华0中芥,1480,上胜创意园,整租,南北,有电梯,2/14号线/3号线(北延段),1室1厅50平米,白云嘉禾望岗 上胜东街88号,https://gz.zu.anjuke.com/fangyuan/3681064947866636?isauction=2&shangquan_id=12290&legoFeeUrl=https%3A%2F%2Flegoclick.58.com%2Fjump%3Ftarget%3DpZwY0ZnlsztdraOWUvYKuaYOn1KbPj6WPBYvPhm1sHwWPvEVrjwhPidBPvRbnWI6uhNQujTKP1TOnjcYPjN3P10LPWEKTHnvrjDkPWEOPj03PWmvn1mKnHDQnjTKrjbknTDQsjDkTHnKnH0zPj0vPWNvnjn3nkDznT7AEzdEEzdKib_VOlXxOCB4sXhehrB8Gryc-SB6Jrh6VEDQTHDKTiYQTEDQrjcLrH01nWDdrHDYn1mkrjndTHmKTHDKrHEdPhPhPhnVP1NLuaYYmHI-sH91mW9Vuj9knH7-uHIbP1TkTHD3nW0OP1nznHNOrH9zPjmOnHcKnH9zP1bLn1cQPWDLPjnOPHnOP9DKnikQnTDKTEDVTEDKTED3sWD1Pa3OPi3znWmKnTDkTEDQsjDQTgVqTHDknjnvTHDknjDvPWEKm1EvrjcvPvEVPWbOPzYYPvFWsHbzuWcVnAPBrycLPvnzrH6bTEDYTEDKnTD1sjDvPHb_nHczrHTKnE78IyQ_TH-hPHbzuWcYrH-huy76Pvn&lego_tid=c468267d-6997-47bc-92f2-0cb9b77c298d&psid=933d1722ba71b81c3a0a0441ab0ebb5f
永泰地铁站200M，不走巷子大马路房采光充足，原木风超大单间,1550,元下田小区,整租,朝南,有电梯,3号线(北延段),1室1厅40平米,白云永泰 元下田325号,https://gz.zu.anjuke.com/fangyuan/3672957501692940?isauction=2&shangquan_id=6742&legoFeeUrl=https%3A%2F%2Flegoclick.58.com%2Fjump%3Ftarget%3DpZwY0ZnlsztdraOWUvYKuaYOn1KbPj6WPBYvPhm1sHwWPvEVrjwhPidBPvRbnWI6uhNQujTKnHTknWmQPWckrHbkP19LTED1PW0zrHNLPHTQPWbzrHEkTHDQnWb3THbknjTKnikQnTD1THDLnWELPWmdPWT1rjnKnWDKwbnVNDnVENGssXXMMSpcfzLG8OWCoJH-BFxCCpWGCUNKnEDQTEDVnEDKnH9zrjnLnjmOPHc1rH9zP1EdP9DvTEDQTH7Wuj-WuAwBsyDdujDVPjR-PidBmvNvsHE1mhEYnAPhPjbknTDQrjc3n10kPWbdn1mdPWEknHbzTHD3nW91P1TvrHN1Pj93PW0kP1cKTHD_nHTKTEDKsEDKTEDKra3Qn1E8rHN8nWcvTHTKnTDKnikQnE7exEDQnjT1P9DQnjTQPWmYTy7BnANvPH--sHDOPAcVPAn1niYOuADOsHK-PAwhm1wbnhuWu9DKPTDKTHTKnzkQPWNOsjmLPjcKnE78IyQ_TyNYmyDQuAw-uHPbuADvnHE&lego_tid=ab0e659e-194b-4c31-9da9-0e4dfc4d2fcf&psid=933d1722ba71b81c3a0a0441ab0ebb5f
双地铁可直达珠江新城体育西路，家私家电，不走巷子，民水民电,1460,永康路磨刀南街小区,整租,朝南,有电梯,3号线(北延段),1室1厅40平米,白云永泰 磨刀南街89,https://gz.zu.anjuke.com/fangyuan/3593674890978312?isauction=2&shangquan_id=6742&legoFeeUrl=https%3A%2F%2Flegoclick.58.com%2Fjump%3Ftarget%3DpZwY0ZnlsztdraOWUvYKuaYOn1KbPj6WPBYvPhm1sHwWPvEVrjwhPidBPvRbnWI6uhNQujTKnHT1nWDYPHn3n1DLnHcYTED1PHb1PW0YrjbkrH03n1DzTHDQnWb3THbknjTKnikQnTD1THDLnWELPWmdPWT1rjnKnWcKwbnVNDnVENGssXXMMSpcfzLG8OWCoJH-BFxCCpWGCUNKnEDQTEDVnEDKnH9zrjDzP1D1njTznWmYnHmvPEDvTEDQTHE1PAnYnyNzsywWryDVPjKhPBdBm1EzsHF-mHD1n1nQm1wWn9DQrjc3nHcLnHnknHDkP1D1rjNvTHD3nW9QnW0Qn1TkP10QPHN1nW9KTHD_nHTKTEDKsEDKTEDKra3Qn1E8rHN8nWcvTHTKnTDKnikQnE7exEDQnjT1P9DQnjTQPWmYTHb1uyDYPj9ksHNzmHcVPjDznzYOuhu-sH0YnjIbnAmOPWbOmEDKPTDKTHTKnzkQPWNOsjmLPjcKnE78IyQ_THbYujuBmWbvnANQnAmkujm&lego_tid=93ea4480-52a2-4123-9ffe-7407d0f9699a&psid=933d1722ba71b81c3a0a0441ab0ebb5f
兰亭盛荟  精装修全屋定制 爱马仕橙 真皮沙发 横厅大开间,6800,兰亭盛荟,整租,朝南,有电梯,5号线,3室2厅105平米,天河东圃 东圃明镜路,https://gz.zu.anjuke.com/fangyuan/3675560842518542?isauction=2&shangquan_id=2695&legoFeeUrl=https%3A%2F%2Flegoclick.58.com%2Fjump%3Ftarget%3DpZwY0ZnlsztdraOWUvYKuaYOn1KbPj6WPBYvPhm1sHwWPvEVrjwhPidBPvRbnWI6uhNQujTKPHnOPW0OPW0LnjbOP10KTHnvP1NdPWT3PjcdnH9dPjcKnHDOnjTKnHDOnjTKnikQnTD1THDLnWELPWmdPWT1rjnKnWnKwbnVNDnVENGssXXMMSpcfzLG8OWCoJH-BFxCCpWGCUNKnEDQTEDVnEDKnH9zP1mYn1N1njcOrj9LPHbkPTDvTEDQTHIWuW9krjRhsHnOPW9VPAuWmzdBnj9vsHwhnvuBn176mWIhPTDQrjcLPWE1PHnQPWDdrjN3PW9OTHD3nW0vPjndn1DdrHE3rj0QPW9KTHD_nHTKTEDKsEDKTEDKra3Qn1E8rHN8nWcvTHTKnTDKnikQnE7exEDQnjT1P9DQnjTQPWmYTHTvmyE3n19LsyDYPWbVPjIBuidBPA7WsHNznvP-mhmLujKhPkDKPTDKTHTKnzkQPWNYsjcvrHNKnE78IyQ_THE3nAn3PWIhuhczuHT3mWn&lego_tid=06ad8387-a469-47be-b4ac-523cebf7d0f7&psid=933d1722ba71b81c3a0a0441ab0ebb5f
双地铁可直达珠江新城体育西路，民水民电，不走巷子，家私家电,1480,元下田小区,整租,朝南,有电梯,3号线(北延段),1室1厅40平米,白云永泰 元下田325号,https://gz.zu.anjuke.com/fangyuan/3593652018617345?isauction=2&shangquan_id=6742&legoFeeUrl=https%3A%2F%2Flegoclick.58.com%2Fjump%3Ftarget%3DpZwY0ZnlsztdraOWUvYKuaYOn1KbPj6WPBYvPhm1sHwWPvEVrjwhPidBPvRbnWI6uhNQujTKnHT1nWDYPHn3n1DLnHcYTED1PHb1PWNznjD3PWDLn1EdTHDQnWb3THbknjTKnikQnTD1THDLnWELPWmdPWT1rjnKnWEKwbnVNDnVENGssXXMMSpcfzLG8OWCoJH-BFxCCpWGCUNKnEDQTEDVnEDKnH9zrjDzP1cYnjELnHcYnj0kPEDvTEDQTHnkmWFhPW--sHFBPjDVPAmvuBd6nyEQsHcLujc3uHnOuAwWPkDQrjc3nHcLnWEkPHcOrHmdnjNvTHD3nW9QnW0zPjTdnHnQP1bvPj9KTHD_nHTKTEDKsEDKTEDKra3Qn1E8rHN8nWcvTHTKnTDKnikQnE7exEDQnjT1P9DQnjTQPWmYTHDzuWT1P1ELsywWPADVPjKbPiY3uhcvsH--uWmkP1FbrAFWrEDKPTDKTHTKnzkQPWNOsjmLPjcKnE78IyQ_THKBrAE1PWK-nW9OrAFBrym&lego_tid=12f03747-dc4a-40d5-8fb6-9ef6072d8bc9&psid=933d1722ba71b81c3a0a0441ab0ebb5f
6 号线高塘石近地铁 精装大单间 空气清新 拎包入住,890,柯木塱塘石西一街小区,整租,南北,6号线,,1室0厅28平米,天河柯木塱 塘石西一街15-7号,https://gz.zu.anjuke.com/fangyuan/3685332807704589?isauction=2&shangquan_id=12993&legoFeeUrl=https%3A%2F%2Flegoclick.58.com%2Fjump%3Ftarget%3DpZwY0ZnlsztdraOWUvYKuaYOn1KbPj6WPBYvPhm1sHwWPvEVrjwhPidBPvRbnWI6uhNQujTKPWczrjnYrj9LPjcvP1cKTHnvrjN1n1c3nj0LnjEdrjbKrHbknTDLrHTkTHD_nHTKnkDQP1cYP1mvPHmkn19YTHcdTNujsRKjsN72izLMGO4hBstVlU8ml2lbOmBgl2AClpAdTHDKnEDKsHDKTHD3nW9zrHD3rjNvPWE1PWcYrH0KP9DKnEDYnHwbmhmvuBdBrjmvsHEQuyDVrHI6PBYLryPWmHcOnAc1PjmKnH9zrjcOnH93PH0dnWEdnHTLPTDQrjc3nWbQrj9dP1mOnWNzrjmdTEDQsjDkTEDKTiYKTEDKTH98nHnYsWbdsWczP9DkTHTKTHD_nHDKXLYKnHTkn1mKnHTknHmvPT76P19OrHDvraY3PvFWsHwWnWNVmycdPiYQm16-uHwBm1-WnhDKTHEKTEDkTHn_nHmdPakQnWbOnkDQTyOdUAkKPvmLuj0OPhmkuynkuWnOPT&lego_tid=a7899168-87bc-4c25-ab55-1c8ee4bc9c2a&psid=933d1722ba71b81c3a0a0441ab0ebb5f
近永泰地铁站100M，不走巷子采光充足，温馨超大单间领包入住,1600,永干村,整租,朝南,有电梯,3号线(北延段),1室1厅40平米,白云白云大道北 元下田三路,https://gz.zu.anjuke.com/fangyuan/3673008956268552?isauction=2&shangquan_id=11568&legoFeeUrl=https%3A%2F%2Flegoclick.58.com%2Fjump%3Ftarget%3DpZwY0ZnlsztdraOWUvYKuaYOn1KbPj6WPBYvPhm1sHwWPvEVrjwhPidBPvRbnWI6uhNQujTKnHTknWmQPWckrHbkP19LTED1PW01njT3rHNvnWm3PHNzTHDkPjTkTH91njTKnikQnTD1THDLnWELPWmdPWT1rjEKnWmKwbnVNDnVENGssXXMMSpcfzLG8OWCoJH-BFxCCpWGCUNKnEDQTEDVnEDKnH9zrjc3PHnLP1mknHbznHTzP9DvTEDQTycQmWRWPWKWsyNkuADVPAmdraYOP1b1sHcvrAwhrymOmhDLuEDQrjc3nW9dn10LPWNznWmkrjmvTHD3nW9zrjN1P10vnW0krHNkPjDKTHD_nHTKTEDKsEDKTEDKra3Qn1E8rHN8nWcvTHTKnTDKnikQnE7exEDQnjT1P9DQnjTQPWmYTyPWPHNknvE3sHbdmvmVPjKbPaY3uAmLsyP-njnkuhwBPjNQnkDKPTDKTHTKnzkQPWNOsjDQPHm3THDKUMR_UTDzrAn1rj-6PWFbmyFbnvm3&lego_tid=cc5503d8-95cf-40d4-8df7-ce030fdb4513&psid=933d1722ba71b81c3a0a0441ab0ebb5f
广州14号线新和站精装修单间出租，交通便利，周边生活设施齐全,900,钟落潭新和村,整租,朝南,有电梯,14号线/14号线(知识城线),1室0厅30平米,白云九佛 钟落潭新村㘵丁街33号,https://gz.zu.anjuke.com/fangyuan/3688545967610882?isauction=2&shangquan_id=6431&legoFeeUrl=https%3A%2F%2Flegoclick.58.com%2Fjump%3Ftarget%3DpZwY0ZnlsztdraOWUvYKuaYOn1KbPj6WPBYvPhm1sHwWPvEVrjwhPidBPvRbnWI6uhNQujTKrH0OrH93PjckrHDLrHcKTHnvrj9dPjNOPW0vnHT3rjcKrHbknTDOrHTkTHD_nHTKnkDQP1cYP1mvPHmkn19YTHcLTNujsRKjsN72izLMGO4hBstVlU8ml2lbOmBgl2AClpAdTHDKnEDKsHDKTHD3nW91n1NOnW9Onjb3nHN3nj9KP9DKnEDLPWDznvR6niYLrjc1sHELPvcVrAu6PzdbP1R6nyEduyNknWbKnH9zrjn1PHbzrjbOn101PjmdPkDQrjc3n1ndrHc3rH0zP1nkn1mOTEDQsjDkTEDKTiYKTEDKTH98nHnYsWbdsWczP9DkTHTKTHD_nHDKXLYKnHTkn1mKnHTknHmvPT7WmyEzn1n3mid-PH7hsHw-PjnVmhuhridhnjEkP1ELPH0QPjmKTHEKTEDkTHn_nHmdrikvPjnQTHDKUMR_UTDQnvN1PvcQnj6-rH7-PvnO&lego_tid=cad2338a-e51f-4e43-bff9-f04074757146&psid=933d1722ba71b81c3a0a0441ab0ebb5f
六号线柯木塱 精装阳台单间  空气清新 拎包入住,890,柯木塱背坪老屋街自建房,整租,南北,6号线,,1室0厅30平米,天河柯木塱 柯木塱背坪老屋街19号,https://gz.zu.anjuke.com/fangyuan/3679554049090573?isauction=2&shangquan_id=12993&legoFeeUrl=https%3A%2F%2Flegoclick.58.com%2Fjump%3Ftarget%3DpZwY0ZnlsztdraOWUvYKuaYOn1KbPj6WPBYvPhm1sHwWPvEVrjwhPidBPvRbnWI6uhNQujTKPWczrjnYrj9LPjcvP1cKTHnvP1bdPHEkPjbkrHTdP1nKrHbknTDLrHTkTHD_nHTKnkDQP1cYP1mvPHmkn19YTHc3TNujsRKjsN72izLMGO4hBstVlU8ml2lbOmBgl2AClpAdTHDKnEDKsHDKTHD3nW9zrHckP1DOPWmOPH0dPWbKP9DKnEDLPWRhPjczriYLmW01sHw-PH9VrHTLmzY1n1m3njTQrHRWPj9KnH9zrjcOnWTLnWTdnj9Yn1mdnTDQrjc3nWbznj0znjcdPWmdPHnvTEDQsjDkTEDKTiYKTEDKTH98nHnYsWbdsWczP9DkTHTKTHD_nHDKXLYKnHTkn1mKnHTknHmvPTDOnj--mhE1PBY1m1EdsHwhujnVrH9kuiY3uAD3nyN1PWw-nHDKTHEKTEDkTHn_nHmdPakQnWbOnkDQTyOdUAkKnWEkP1cdmhNdnAn1mHc3PT&lego_tid=909ebd36-3c45-4fd3-980e-8da81e364e11&psid=933d1722ba71b81c3a0a0441ab0ebb5f
近网易，送免租7天！押一付一！民用水电！小区环境！近地铁！,1900,趣炫科创园,整租,朝南,有电梯,6号线,1室1厅50平米,天河天河智慧城 思成路60号,https://gz.zu.anjuke.com/fangyuan/3687094837321732?isauction=2&shangquan_id=37374&legoFeeUrl=https%3A%2F%2Flegoclick.58.com%2Fjump%3Ftarget%3DpZwY0ZnlsztdraOWUvYKuaYOn1KbPj6WPBYvPhm1sHwWPvEVrjwhPidBPvRbnWI6uhNQujTKnHTznWNkPHnLn1mznWEYTED1PW9LnjbYrjnLn1cQP1nzTHD1PHmOTHDkrHTkTHD_nHTKnkDQP1cYP1mvPHmkn19YTHcOTNujsRKjsN72izLMGO4hBstVlU8ml2lbOmBgl2AClpAdTHDKnEDKsHDKTHD3nW9zP1Tzn1NkrHbQnWnLnHcKP9DKnED1mH7buHK-PzYduWw6sHw6mHNVrH9YnaYQrH-bujbvnAmvrjcKnH9zrjcLnjc1PHDOnHEQnjm3rEDQrjc3nW0knWndnHmznjnknj9kTEDQsjDkTEDKTiYKTEDKTH98nHnYsWbdsWczP9DkTHTKTHD_nHDKXLYKnHTkn1mKnHTknHmvPTDzuWI6mHmkPiY1uH0ksHE3uHbVrAD1rid-mHuWuhDvPhnOuhNKTHEKTEDkTHn_nHmdPak1P1nLPTDQTyOdUAkKuyczrAnOrH0vrH6-myF-PE&lego_tid=2f7aa605-3e70-48e9-8a39-ea6cfa66c9fe&psid=933d1722ba71b81c3a0a0441ab0ebb5f
盈彩美居 刚出炉 两房 家私家电齐全 拎包入住  等您来看,4000,盈彩美居,整租,朝南,有电梯,5号线,2室2厅85平米,天河东圃 盈溪路,https://gz.zu.anjuke.com/fangyuan/3690640497991689?isauction=2&shangquan_id=2695&legoFeeUrl=https%3A%2F%2Flegoclick.58.com%2Fjump%3Ftarget%3DpZwY0ZnlsztdraOWUvYKuaYOn1KbPj6WPBYvPhm1sHwWPvEVrjwhPidBPvRbnWI6uhNQujTKnHTYnWbLP1TLrj91n1nQTED1PWbkPWEkPjbLrHbQPW9OTHDQrHTkTHDQrHTkTHD_nHTKnkDQP1cYP1mvPHmkn19YTHnkTNujsRKjsN72izLMGO4hBstVlU8ml2lbOmBgl2AClpAdTHDKnEDKsHDKTHD3nW91PWnOrHbkPHEYPH93rjDKP9DKnEDYmHuWm19YPBYkuWNdsHEzrHNVmWPhuaYYuyDzuyEduW03PjTKnH9zrjnvn1bOrHDYPW0zPHnLP9DQrjc3n1m1rHbOnHD1nWTLrjDzTEDQsjDkTEDKTiYKTEDKTH98nHnYsWbdsWczP9DkTHTKTHD_nHDKXLYKnHTkn1mKnHTknHmvPTDYPyD3myEOniYYuj-WsHw6nWNVrjFhmzY3uj7buWcYny76nhDKTHEKTEDkTHn_nHmdPakzPWbdTHDKUMR_UTDknjcQPW0YuHKhn1n1mWwB&lego_tid=45a8ad91-4d9c-4a25-82fc-8d1df241aa2a&psid=933d1722ba71b81c3a0a0441ab0ebb5f
天河智慧城 凌塘村 全新电梯公寓 自家公寓,950,凌塘下街自建房,整租,朝东,有电梯,21号线,1室0厅20平米,天河岑村 凌塘下街一巷一号,https://gz.zu.anjuke.com/fangyuan/3661197445274636?isauction=2&shangquan_id=15356&legoFeeUrl=https%3A%2F%2Flegoclick.58.com%2Fjump%3Ftarget%3DpZwY0ZnlsztdraOWUvYKuaYOn1KbPj6WPBYvPhm1sHwWPvEVrjwhPidBPvRbnWI6uhNQujTKP1DvPWT1njDvP1DYnWmKTHnvPWDQrH0YPjNzP1Evn1mKrHbknTDLrHTkTHD_nHTKnkDQP1cYP1mvPHmkn19YTHnQTNujsRKjsN72izLMGO4hBstVlU8ml2lbOmBgl2AClpAdTHDKnEDKsHDKTHD3nW0OPjmkPWbkrHDznWDdnjEKP9DKnE7bPj9YPj9YPidWuANOsHw-uHNVryPbridbPAEzrjFbuH93uhnKnH9zP1bYPWTvrHcYPWnOnjcLnkDQrjcLrHEvnjmOnWcdPjnQnjE1TEDQsjDkTEDKTiYKTEDKTH98nHnYsWbdsWczP9DkTHTKTHD_nHDKXLYKnHTkn1mKnHTknHmvPTDYPycvPHFBnaYvmywhsHw-PjDVmHFhPiYzuAc3PHTduHw6PvcKTHEKTEDkTHn_nHmdPakQPHndP9DQTyOdUAkKrAnvmWNznj0duANYPH0OPT&lego_tid=45b652b0-6adf-4e41-a2f5-2db8505e4a7b&psid=933d1722ba71b81c3a0a0441ab0ebb5f
7号线万博附近  全新精装 大阳台 南北通透 价格实惠,800,兴南大道143-169号自建房,整租,南北,有电梯,7/18号线,1室0厅35平米,番禺万博 兴南大道143-169号,https://gz.zu.anjuke.com/fangyuan/3687701086102528?isauction=2&shangquan_id=2721&legoFeeUrl=https%3A%2F%2Flegoclick.58.com%2Fjump%3Ftarget%3DpZwY0ZnlsztdraOWUvYKuaYOn1KbPj6WPBYvPhm1sHwWPvEVrjwhPidBPvRbnWI6uhNQujTKnHT1rjNvnHDkPWDkP1NdTED1PW9LP1TQnj9vnHTzPHc3THDvnWb3THD1njTkTHD_nHTKnkDQP1cYP1mvPHmkn19YTHnzTNujsRKjsN72izLMGO4hBstVlU8ml2lbOmBgl2AClpAdTHDKnEDKsHDKTHD3nW9zPjm1PW9Lnj9zrj9dnHEKP9DKnEDdP1DLnWIbuaYduHu6sHEYnjTVrAnvuBYdPHNkuj93nWckPycKnH9zrjcYPWnvrj03n103PHb3PEDQrjc3nWEvn1m3P1mzrjDYPjmdTEDQsjDkTEDKTiYKTEDKTH98nHnYsWbdsWczP9DkTHTKTHD_nHDKXLYKnHTkn1mKnHTknHmvPT7-PWE1mHTOridWnynLsHEzPAmVmhDYuaYOmvPWuAwBrj7hrjEKTHEKTEDkTHn_nHmvnBkzP1cQTHDKUMR_UTDvPjcLnWcLm10dPAwBmvN1&lego_tid=e643a099-c1c7-424f-ba4d-9cccddb81f84&psid=933d1722ba71b81c3a0a0441ab0ebb5f
三溪 盈彩美居 好两房 真皮沙发 中楼层 视野好 阳光充足,4300,盈彩美居,整租,朝南,有电梯,5号线,2室2厅82.4平米,天河东圃 盈溪路,https://gz.zu.anjuke.com/fangyuan/3690628967586819?isauction=2&shangquan_id=2695&legoFeeUrl=https%3A%2F%2Flegoclick.58.com%2Fjump%3Ftarget%3DpZwY0ZnlsztdraOWUvYKuaYOn1KbPj6WPBYvPhm1sHwWPvEVrjwhPidBPvRbnWI6uhNQujTKnHTYnWbLP1TLrj91n1nQTED1PWbkPWc3rHmLPH9vrjDOTHDQrHTkTHDQrHTkTHD_nHTKnkDQP1cYP1mvPHmkn19YTHn1TNujsRKjsN72izLMGO4hBstVlU8ml2lbOmBgl2AClpAdTHDKnEDKsHDKTHD3nW91PWEznjmYnWT3PjTYPj9KP9DKnE7huADLnj7bmzYLPvmvsHEOrHmVrHD3mBYQnAFbmH9YPHw-n1DKnH9zrjnvPjckPWE3P1b3PWDLP9DQrjc3n1mYnWTvPj0dn1mvPjTkTEDQsjDkTEDKTiYKTEDKTH98nHnYsWbdsWczP9DkTHTKTHD_nHDKXLYKnHTkn1mKnHTknHmvPTDdnAm1mvE3Pad-rHTzsHE3myDVrymOmzdWujDOuAuhPHb1PAnKTHEKTEDkTHn_nHmdPakzPWbdTHDKUMR_UT7WP1KBPHE3nWT3njnQPhuB&lego_tid=50f3cd84-e902-48aa-9f9c-cd19dff5934c&psid=933d1722ba71b81c3a0a0441ab0ebb5f
柯木塱火炉山，凤凰汇附近，大一房一厅，配置齐全，交通方便,1500,柯木塱背坪拾排街自建房,整租,朝南,6号线,,1室1厅35平米,"天河柯木塱 背坪拾排街27号,77号",https://gz.zu.anjuke.com/fangyuan/3668097199004675?isauction=2&shangquan_id=12993&legoFeeUrl=https%3A%2F%2Flegoclick.58.com%2Fjump%3Ftarget%3DpZwY0ZnlsztdraOWUvYKuaYOn1KbPj6WPBYvPhm1sHwWPvEVrjwhPidBPvRbnWI6uhNQujTKnHTkP1TkPjnQrH9LP103TED1PWm3njbLnHbOnjTYPW0dTHbOnjTKrHbknTDQsjDkTHnKnH0zPj0vPWNvnjn3PTD1PT7AEzdEEzdKib_VOlXxOCB4sXhehrB8Gryc-SB6Jrh6VEDQTHDKTiYQTEDQrjc3nWmYPHDLnWcvP19vrjDvTHmKTHDKnjnznWw6ujTVuW66riYYn1PbsyDzP1nVmvmdnyuhmWbLPjcOTHD3nW9zPWEdnH01njmYrjcvrHTKnH9zrjcvPjNQP1cvrj0zPH0vnEDKnikQnTDKTEDVTEDKTED3sWD1Pa3OPi3znWmKnTDkTEDQsjDQTgVqTHDknjnvTHDknjDvPWEKPvFhPHP-nADVuhP6PBYYuycYsy7hPAEVmHu6nW7WrHbQP1IhTEDYTEDKnTD1sjDvPHE_nHcOrHnKnE78IyQ_TywhuhnLnvDLnymQnvcLnAn&lego_tid=7bf53e0a-fca6-4eb4-af4d-a6a21c99177f&psid=933d1722ba71b81c3a0a0441ab0ebb5f
三号线白云大道北地铁口 精装奶油风定制两房一厅 家电齐全送网,1880,集贤庄集贤路小区,整租,朝南,有电梯,3号线(北延段),2室1厅78平米,白云白云大道北 集贤路77-139号,https://gz.zu.anjuke.com/fangyuan/3686659650118669?isauction=2&shangquan_id=11568&legoFeeUrl=https%3A%2F%2Flegoclick.58.com%2Fjump%3Ftarget%3DpZwY0ZnlsztdraOWUvYKuaYOn1KbPj6WPBYvPhm1sHwWPvEVrjwhPidBPvRbnWI6uhNQujTKPHNdnWNQrHmkrHDYnHcKTHnvrjmvPHbvPHTQnH9vPWbKnHTYnjTKrjnknTDQsjDkTHnKnH0zPj0vPWNvnjn3PTD1PE7AEzdEEzdKib_VOlXxOCB4sXhehrB8Gryc-SB6Jrh6VEDQTHDKTiYQTEDQrjc3n1m3P1TOrjbdn10zrjTkTHmKTHDKPH0vnHuWPWDVn10zriYYnHNYsyD1uWcVuhDznhP6mHbdujn3THD3nW91PW9LnjbOn1nQn10OnWTKnH9zrjnvrj0krHbYrH9Orj0dn9DKnikQnTDKTEDVTEDKTED3sWD1Pa3OPi3znWmKnTDkTEDQsjDQTgVqTHDknjnvTHDknjDvPWEKryRWnj-BmHcVuWcOPBYYPADzsHbLrHcVryRbrHDdrAmkmh7BTEDYTEDKnTD1sjDvPHb_nHDdPW9KnE78IyQ_TynYuWN1m1RBPjTduANOuWN&lego_tid=9ec09ba2-f296-44a2-9792-9ed9158f0bab&psid=933d1722ba71b81c3a0a0441ab0ebb5f
江夏近地铁 民水电 东一街小区 路边 一房一厅,1580,江夏东一街自建房,整租,朝南,有电梯,2号线,1室1厅50平米,白云江夏 江夏东一街,https://gz.zu.anjuke.com/fangyuan/3686376959205385?isauction=2&shangquan_id=21901&legoFeeUrl=https%3A%2F%2Flegoclick.58.com%2Fjump%3Ftarget%3DpZwY0ZnlsztdraOWUvYKuaYOn1KbPj6WPBYvPhm1sHwWPvEVrjwhPidBPvRbnWI6uhNQujTKnHTznjT1P1mkPH03nHDYTED1PW9vn10vrHNOnWTdn19dTHbOnjTKP1bknTDQsjDkTHnKnH0zPj0vPWNvnjn3PTD1P97AEzdEEzdKib_VOlXxOCB4sXhehrB8Gryc-SB6Jrh6VEDQTHDKTiYQTEDQrjc3nWbYP1DdnWcdP1D3P19YTHmKTHDKuAczuWnLPyDVP1bOPBYYmHmQsyDvrjTVujmQm1TQnW6BnjbOTHD3nW9zrHELnHNzP1D3PW9YnHmKnH9zrjcOPj0QPHcLPWTOnHnOnkDKnikQnTDKTEDVTEDKTED3sWD1Pa3OPi3znWmKnTDkTEDQsjDQTgVqTHDknjnvTHDknjDvPWEKPyR-ujEzPW9VPWwhnzYYPjbdsH-hPyEVPvcOrAE3PW76nW0LTEDYTEDKnTD1sjDvPHb_nWDOnjDKnE78IyQ_THNOPjw6uhnOn1EOuAwhujb&lego_tid=5eed4268-64f3-4495-9f5d-7b98d861a277&psid=933d1722ba71b81c3a0a0441ab0ebb5f
紧邻地铁站 阳光房 家私齐全 拎包入住 心动点我看房,800,夏埔村,整租,朝东,13号线,,1室0厅25平米,增城新塘 水南大道东,https://gz.zu.anjuke.com/fangyuan/3477314677007364?isauction=2&shangquan_id=6526&legoFeeUrl=https%3A%2F%2Flegoclick.58.com%2Fjump%3Ftarget%3DpZwY0ZnlsztdraOWUvYKuaYOn1KbPj6WPBYvPhm1sHwWPvEVrjwhPidBPvRbnWI6uhNQujTKP1mYPH0OPWDkPWD1rj0KTHnYP101nHEvP10knj01PWEKnHTznjTKrjcknTDQsjDkTHnKnH0zPj0vPWNvnjn3PTD1Pk7AEzdEEzdKib_VOlXxOCB4sXhehrB8Gryc-SB6Jrh6VEDQTHDKTiYQTEDQrjc3n10YnWbvrHb1PHcdP1m1THmKTHDKP1NkPH0duhNVnWNYmzYYn16BsyFbmHcVmHI6mWPWrHbduhmkTHD3nW91P1EzrH9zP1c3nH0QPHEKnH9zrjnLPjcOrjD3Pj0QnWDOnkDKnikQnTDKTEDVTEDKTED3sWD1Pa3OPi3znWmKnTDkTEDQsjDQTgVqTHDknjnvTHDknjDvPWEKrjn3ryDOPHEVmvmdnaYYPvm3sHb1njTVuhPhP1czmhwWPWwhTEDYTEDKnTD1sjmdnWE_PWNzP9DQTyOdUAkKPAELPhEdPHT1rjwWuWc3mk&lego_tid=8389a954-cf50-47f8-9300-fcf722bdc64f&psid=933d1722ba71b81c3a0a0441ab0ebb5f
六运小区现场拍摄二房一厅精装修出租,4100,体育西小区,整租,南北,1/3/5/18号线/3号线(北延段)/APM线,,2室1厅76平米,天河体育西路 体育西横街,https://gz.zu.anjuke.com/fangyuan/3671331588088836?isauction=2&shangquan_id=11436&legoFeeUrl=https%3A%2F%2Flegoclick.58.com%2Fjump%3Ftarget%3DpZwY0ZnlsztdraOWUvYKuaYOn1KbPj6WPBYvPhm1sHwWPvEVrjwhPidBPvRbnWI6uhNQujTKnHTYPjmkrHN1PH9dPj0YTED1PW0Qn1nQPH93nj93rjnvTHD1PjTkTHD1PjTkTHD_nHTKnkDQP1cYP1mvPHmkn19YTHn3TNujsRKjsN72izLMGO4hBstVlU8ml2lbOmBgl2AClpAdTHDKnEDKsHDKTHD3nW9znWnznHnYPjE3rjcYn1cKP9DKnED1uHDdPywbniYOPjcdsHEvnHnVrAPhnad-ujPbPyFWnhDYnWDKnH9zrjczn1cQn1NQPWDdnW91n9DQrjc3nWc1nWD1PjmdrjcOn10LTEDQsjDkTEDKTiYKTEDKTH98nHnYsWbdsWczP9DkTHTKTHD_nHDKXLYKnHTkn1mKnHTknHmvPT7BnA7-uyn3uad6mHnvsHE1P1EVrARWnzYknvuWnjnOuhDdmWmKTHEKTEDkTHn_nHmdPakQnHE1P9DQTyOdUAkKPHRbnH7hrAEdnHcvPyuhnE&lego_tid=b0aeec8d-aa36-4374-8ec3-03fc039fa5b6&psid=933d1722ba71b81c3a0a0441ab0ebb5f
天河区棠东小区公寓 全新家私家电拎包入住 民电 环境舒适,1980,富力天寓,整租,朝南,有电梯,21号线,1室0厅25平米,天河棠东 广棠路24-26号,https://gz.zu.anjuke.com/fangyuan/3625910870711305?isauction=2&shangquan_id=16018&legoFeeUrl=https%3A%2F%2Flegoclick.58.com%2Fjump%3Ftarget%3DpZwY0ZnlsztdraOWUvYKuaYOn1KbPj6WPBYvPhm1sHwWPvEVrjwhPidBPvRbnWI6uhNQujTKP10znHNzPWmYP193rjmKTHnvnWNOnHT3P1TLnHD1njNKnHD1rHbKrHDknTDQsjDkTHnKnH0zPj0vPWNvnjn3PTD1rE7AEzdEEzdKib_VOlXxOCB4sXhehrB8Gryc-SB6Jrh6VEDQTHDKTiYQTEDQrjc3nW9dnjEdnj01nWb1n1DzTHmKTHDKuWw-PHNzn1EVm1mvmzYYnWPWsH66uyEVP19vnjbkmHbYPWEkTHD3nW9zrjNkPjmYnHNYP1TdrHcKnH9zrjc3PHTYPWnOPjEOrHTLn9DKnikQnTDKTEDVTEDKTED3sWD1Pa3OPi3znWmKnTDkTEDQsjDQTgVqTHDknjnvTHDknjDvPWEKn1bzPvu-PHTVuhmOPaYYmWmOsyFBuWnVrH93rH-bujK6uyw6TEDYTEDKnTD1sjDvPHE_nHmknH9KnE78IyQ_THNdnjRWrHczrHEYmvwhmHc&lego_tid=3927fe50-ff94-4b69-bbf3-98899dd0aeda&psid=933d1722ba71b81c3a0a0441ab0ebb5f
六运小区里！体育西站400M独门独卫可做饭一房一厅拎包入住,3600,天河南一路小区,整租,朝南,1/3/5/18号线/3号线(北延段)/APM线,,1室1厅40平米,天河体育中心 天河南一路,https://gz.zu.anjuke.com/fangyuan/3542149723825160?isauction=2&shangquan_id=5909&legoFeeUrl=https%3A%2F%2Flegoclick.58.com%2Fjump%3Ftarget%3DpZwY0ZnlsztdraOWUvYKuaYOn1KbPj6WPBYvPhm1sHwWPvEVrjwhPidBPvRbnWI6uhNQujTKP1cYnHDLn1c1Pj0Qn1bKTHndPjcQPjbLnWn3nWNQPWTKnHELnjTKnHD3njTKnikQnTD1THDLnWELPWmdPWT1rjEKPjTKwbnVNDnVENGssXXMMSpcfzLG8OWCoJH-BFxCCpWGCUNKnEDQTEDVnEDKnH9zP10YrjTYP1EYP1DLPHDvrTDvTEDQTH93nywbuAn3sHDQmWEVPjK-radBPvDQsyFWnW7bPH6bPvRhmEDQrjcLP1E3njE3rjD3P1ckP1m3THD3nW0LPj9kPj9Lrjb1PWELn1mKTHD_nHTKTEDKsEDKTEDKra3Qn1E8rHN8nWcvTHTKnTDKnikQnE7exEDQnjT1P9DQnjTQPWmYTHczP16hrjDQsyEdnHEVPAckuBY3nj7-symznWbdrjFhuWcOP9DKPTDKTHTKnzkQPWNYsjNOnjbKnE78IyQ_TynQPycLnycLryNdn1uhm1c&lego_tid=2278f811-d514-4b0f-801e-f229582ff296&psid=933d1722ba71b81c3a0a0441ab0ebb5f
近3号线永泰地铁站，简约风超大单间商圈配套设施齐全，方便停车,1520,永干村,整租,朝南,有电梯,3号线(北延段),1室1厅40平米,白云白云大道北 元下田三路,https://gz.zu.anjuke.com/fangyuan/3673013589925900?isauction=2&shangquan_id=11568&legoFeeUrl=https%3A%2F%2Flegoclick.58.com%2Fjump%3Ftarget%3DpZwY0ZnlsztdraOWUvYKuaYOn1KbPj6WPBYvPhm1sHwWPvEVrjwhPidBPvRbnWI6uhNQujTKnHTknWmQPWckrHbkP19LTED1PW01njD1PH9OrHcdrHTkTHDkPjTkTH91njTKnikQnTD1THDLnWELPWmdPWT1rjEKPjDKwbnVNDnVENGssXXMMSpcfzLG8OWCoJH-BFxCCpWGCUNKnEDQTEDVnEDKnH9zrjc3PH01rH9YP1DvrjTkn9DvTEDQTyFhnyNQuHb1sHEOPHnVPjN1uBYOryn1sHPbuW01nHndrjE3nTDQrjc3nW9dP1nOrHczPWmdPj0zTHD3nW9zrjNLn1b3P1mdPj9vnj9KTHD_nHTKTEDKsEDKTEDKra3Qn1E8rHN8nWcvTHTKnTDKnikQnE7exEDQnjT1P9DQnjTQPWmYTHDvuH0OmhDzsyczmH9VPAEkmzd6m1DLsyDkn1PWmHKWPWD1u9DKPTDKTHTKnzkQPWNOsjDQPHm3THDKUMR_UT7-mynduWDLnvEYnvmOuH0v&lego_tid=16e79ba2-b2a8-4d0c-ac17-a033ca0c613f&psid=933d1722ba71b81c3a0a0441ab0ebb5f
天河客运站 36 号线 本地房东 电梯精装修一房一厅,1488,元岗村,整租,朝南,有电梯,3/6号线,1室1厅38平米,天河天河客运站 下元岗校前大街,https://gz.zu.anjuke.com/fangyuan/3032771847954434?isauction=2&shangquan_id=6375&legoFeeUrl=https%3A%2F%2Flegoclick.58.com%2Fjump%3Ftarget%3DpZwY0ZnlsztdraOWUvYKuaYOn1KbPj6WPBYvPhm1sHwWPvEVrjwhPidBPvRbnWI6uhNQujTKrjTvn1cOnH0QnHmLnj0KTHnkn1cLP1D3Pj0OPHEYn1EKrHbknTDOrHTkTHD_nHTKnkDQP1cYP1mvPHmkn19YTHEzTNujsRKjsN72izLMGO4hBstVlU8ml2lbOmBgl2AClpAdTHDKnEDKsHDKTHD3nW91PjbLnHNkP1DQPWEYnH0KP9DKnE7hnWndujndmzYvryNksHw6nyDVrj0OnBYdPAEknhwBuhEYujDKnH9zrjnYrH0QPHDvn1EYn1cknTDQrjc3n1EOP1DdnHcOrj0vPj9zTEDQsjDkTEDKTiYKTEDKTH98nHnYsWbdsWczP9DkTHTKTHD_nHDKXLYKnHTkn1mKnHTknHmvPT7BnWmYn19kmzdhmycOsHEzmWTVmWcOnaY3uHFbnWmOmycLnH0KTHEKTEDkTHn_nHmdPakvn10dTHDKUMR_UTDzPv7BPHnvujTOmHbzPW9O&lego_tid=b264380c-fab9-42b0-b290-8e2d269ab717&psid=933d1722ba71b81c3a0a0441ab0ebb5f
近地铁 南村万博 员岗 配套齐全大阳台光线好 拎包入住,1000,万博纷享小镇,整租,南北,有电梯,7/18号线,1室0厅30平米,番禺南村镇 兴南大道366号,https://gz.zu.anjuke.com/fangyuan/3690550457475080?isauction=2&shangquan_id=16011&legoFeeUrl=https%3A%2F%2Flegoclick.58.com%2Fjump%3Ftarget%3DpZwY0ZnlsztdraOWUvYKuaYOn1KbPj6WPBYvPhm1sHwWPvEVrjwhPidBPvRbnWI6uhNQujTKnHTzn1DdrHnznWnYnjNkTED1PWbkPHNkPjNLPj0dnj9kTHDYn1TkTHDQn1bOTHD_nHTKnkDQP1cYP1mvPHmkn19YTHE1TNujsRKjsN72izLMGO4hBstVlU8ml2lbOmBgl2AClpAdTHDKnEDKsHDKTHD3nW9zPjcdrHnzPj0YrjNOPHcKP9DKnEDdmhEdrAFBraYLPhnOsHEQPynVmWTdradBPvcLmWNduAnvuWnKnH9zrjcYnWNOn1n1PHN1P1mvPTDQrjc3nWEzPHb1n1TvnHmdnWEOTEDQsjDkTEDKTiYKTEDKTH98nHnYsWbdsWczP9DkTHTKTHD_nHDKXLYKnHTkn1mKnHTknHmvPTD1uWbvujF6PidbPH-BsHEkPWcVmhuWPBYLmHNYn16BrH--PhnKTHEKTEDkTHn_nHmvnBkQPWTQnEDQTyOdUAkKuHNQn1cvnvc1mhEdmhR-rE&lego_tid=3f96d2a5-d59b-4062-bfc6-7a5438b99e6c&psid=933d1722ba71b81c3a0a0441ab0ebb5f
整租|广州地铁三号线永泰无遮挡落地窗大单间家私家电齐全采光好,800,永泰村,整租,朝南,有电梯,3号线(北延段),1室0厅36平米,白云永泰 永康路,https://gz.zu.anjuke.com/fangyuan/3614487371523074?isauction=2&shangquan_id=6742&legoFeeUrl=https%3A%2F%2Flegoclick.58.com%2Fjump%3Ftarget%3DpZwY0ZnlsztdraOWUvYKuaYOn1KbPj6WPBYvPhm1sHwWPvEVrjwhPidBPvRbnWI6uhNQujTKrHmQnHbdnjEOnHNYrjbKTHnvnHEYrj01P1DdnWnkP1EKnHDzrH9KrHTknTDQsjDkTHnKnH0zPj0vPWNvnjn3PTDYPT7AEzdEEzdKib_VOlXxOCB4sXhehrB8Gryc-SB6Jrh6VEDQTHDKTiYQTEDQrjc3n1mznW9QPjEdnjDdPHN1THmKTHDKmvE1uW01nWnVP1PbnzYYuhc1sH9OPADVmvNkrjI-PjmQmHNLTHD3nW91PWczrjDdnWELnHNdnWDKnH9zrjnvnWc3nHNkP1b1njDQn9DKnikQnTDKTEDVTEDKTED3sWD1Pa3OPi3znWmKnTDkTEDQsjDQTgVqTHDknjnvTHDknjDvPWEKnWNQmHNLmWTVnANvuiYYmvEQsy7BrjEVnvczPyEznyEknAm1TEDYTEDKnTD1sjDvPHb_PW0Yn9DQTyOdUAkKuWwbP1KhP1K6uHT1myuBPk&lego_tid=251a57b0-0e6e-4cd1-ab84-3b25d21d00f3&psid=933d1722ba71b81c3a0a0441ab0ebb5f
整租永旺旁精装复式一房一厅，楼龄新交通便利，超高性价比,1200,时代风华(商住楼),整租,朝北,有电梯,,1室1厅33平米,增城新塘 荔新十二路101号,https://gz.zu.anjuke.com/fangyuan/3560724995548170?isauction=2&shangquan_id=6526&legoFeeUrl=https%3A%2F%2Flegoclick.58.com%2Fjump%3Ftarget%3DpZwY0ZnlsztdraOWUvYKuaYOn1KbPj6WPBYvPhm1sHwWPvEVrjwhPidBPvRbnWI6uhNQujTKnHNOnW9YrjT3nj9YPHNKTHndPWTLnWEOrHNdPj9QP1TKnHTznjTKnHTznjTKnikQnTD1THDLnWELPWmdPWT1rjEKPjNKwbnVNDnVENGssXXMMSpcfzLG8OWCoJH-BFxCCpWGCUNKnEDQTEDVnEDKnH9zrjnLPj0znW0Onj93n1n1nTDvTEDQTymQmhDvnWD1sHRhnHbVPANQmiY3PhDvsyFBPAEzrjN3uW93n9DQrjc3n10YP1czrj0kPH0dnHTdTHD3nW91P1ELnWcOnj91nHDdPHcKTHD_nHTKTEDKsEDKTEDKra3Qn1E8rHN8nWcvTHTKnTDKnikQnE7exEDQnjT1P9DQnjTQPWmYTHR6uHTvPhuBsHnLn1cVPjI6naY3uyuBsH6Wm1czmhFBnWcQnEDKPTDKTHTKnzkvPHcYsjmdnWmKnE78IyQ_THNYmyu-PhDvnjb1PWwbmHN&lego_tid=5ae066fb-3732-47a0-8efb-8cc22bbb2211&psid=933d1722ba71b81c3a0a0441ab0ebb5f
近3号线永泰地铁站，不走巷子采光充足精装修超大单间，民水民电,1600,福泰轩,整租,朝南,有电梯,3号线(北延段),1室1厅40平米,白云永泰 福泰东路1-1号,https://gz.zu.anjuke.com/fangyuan/3675190738771969?isauction=2&shangquan_id=6742&legoFeeUrl=https%3A%2F%2Flegoclick.58.com%2Fjump%3Ftarget%3DpZwY0ZnlsztdraOWUvYKuaYOn1KbPj6WPBYvPhm1sHwWPvEVrjwhPidBPvRbnWI6uhNQujTKnHTknWmQPWckrHbkP19LTED1PW0dnHbkP1n3P10QrHmOTHDQnWb3THbknjTKnikQnTD1THDLnWELPWmdPWT1rjEKPjmKwbnVNDnVENGssXXMMSpcfzLG8OWCoJH-BFxCCpWGCUNKnEDQTEDVnEDKnH9zrjc3PHEdPH9knjNQPWmkrEDvTEDQTHw-nWIbmHNvsH0QrycVPjw-PzYOuAR-sHI6m1KBPWwWmh76PTDQrjc3nW9dPjNdrj9knWTYnW9OTHD3nW9zrjNYPHN3PHbzPjTOPWDKTHD_nHTKTEDKsEDKTEDKra3Qn1E8rHN8nWcvTHTKnTDKnikQnE7exEDQnjT1P9DQnjTQPWmYTyP-ujEduW7WsHbvnj0VPjmkuid6PHcYsHndPAFbuANknhEQuTDKPTDKTHTKnzkQPWNOsjmLPjcKnE78IyQ_TH9OuyD3uAEOnhmznj6WmhE&lego_tid=ced45f1c-9607-460e-a524-354bdde02d1d&psid=933d1722ba71b81c3a0a0441ab0ebb5f
广州租房六号线，21号线近科学城神州路，单间，一房两房不短租,1580,柯木塱塘石三街自建房,整租,朝南,有电梯,6号线,1室1厅42平米,天河柯木塱 柯木塱塘石三街二巷2号,https://gz.zu.anjuke.com/fangyuan/3658179373375490?isauction=2&shangquan_id=12993&legoFeeUrl=https%3A%2F%2Flegoclick.58.com%2Fjump%3Ftarget%3DpZwY0ZnlsztdraOWUvYKuaYOn1KbPj6WPBYvPhm1sHwWPvEVrjwhPidBPvRbnWI6uhNQujTKrH0QP10kn1DOPjTvnHEKTHnvPH9QP1b1P1n1P1NYrHTKrHbknTDLrHTkTHD_nHTKnkDQP1cYP1mvPHmkn19YTHELTNujsRKjsN72izLMGO4hBstVlU8ml2lbOmBgl2AClpAdTHDKnEDKsHDKTHD3nW91nW0Onjmkn1mLPjTkrHmKP9DKnE7bujNQnWwWPBdhryN3sHELPHNVmH9kPiYYrjF6PAwbmWPbnAEKnH9zrjnzP1bkPWDzrjbOrjEknEDQrjc3n1cLrHTvnHDznWmvnWE1TEDQsjDkTEDKTiYKTEDKTH98nHnYsWbdsWczP9DkTHTKTHD_nHDKXLYKnHTkn1mKnHTknHmvPTDduAndnWTLnzYOrywWsHE1PynVmW66PzYQuhu6rAnYmHDYm1TKTHEKTEDkTHn_nHmdPakQnWbOnkDQTyOdUAkKPyELuAubPWuBuyD1m1TOnT&lego_tid=5dc52073-99dc-435c-b8a7-1ffa8c4a14c0&psid=933d1722ba71b81c3a0a0441ab0ebb5f
智慧城地铁站附近，精装修房，楼下吃喝，交通便利，拎包即可入住,1880,小新塘大未来,独立单间,合租,朝南,有电梯,1室0厅45平米,天河小新塘 新泰街,https://gz.zu.anjuke.com/fangyuan/3367853372776451?isauction=2&shangquan_id=6382&legoFeeUrl=https%3A%2F%2Flegoclick.58.com%2Fjump%3Ftarget%3DpZwY0ZnlsztdraOWUvYKuaYOn1KbPj6WPBYvPhm1sHwWPvEVrjwhPidBPvRbnWI6uhNQujTKrHD1PjTzrj9vn1NOn1cKTHn1PW03PHn1P1cLP1mYPHDKP1NknTDvnjTkTHD_nHTKnkDQP1cYP1mvPHmkn19YTHE3TNujsRKjsN72izLMGO4hBstVlU8ml2lbOmBgl2AClpAdTHDKnEDKsHDKTHD3nW91rjTOn1D3rjn1nW0YrjbKP9DKnED1PhmvPynznBd-ryuhsHw6rj9VmhNvuid6mHbQPyNdnHK6m1nKnH9zrjn3njb1nHbvn1TQnHTLn9DQrjc3n19krHnQrHNYPWm1PjcdTEDQsjDkTEDKTiYKTEDKTH98nHnYsWbdsWczP9DkTHTKTHD_nHcKXLYKnHTkn1mKnHTknHmvPTDvn1mYuhP6PiY3mywWsHEQryNVrj9vPzdWuHmOP1NLPjEYujDKTHEKTEDkTHn_nHmdPakvn19zTHDKUMR_UTDknHcLnH0dPW0vP19YnyFh&lego_tid=6364fca5-8adc-419e-8867-ce69757444d1&psid=933d1722ba71b81c3a0a0441ab0ebb5f
拎包入住随时可以看房,1800,碧桂园城市花园,整租,朝南,有电梯,21号线,3室2厅125.9平米,增城朱村 朱村街,https://gz.zu.anjuke.com/fangyuan/3686814123484163?isauction=2&shangquan_id=27723&legoFeeUrl=https%3A%2F%2Flegoclick.58.com%2Fjump%3Ftarget%3DpZwY0ZnlsztdraOWUvYKuaYOn1KbPj6WPBYvPhm1sHwWPvEVrjwhPidBPvRbnWI6uhNQujTKP1bdPHc1n1NQPH0zP1NKTHnvrjm3nHEQnWnYrjEQPWnKnHTvnjTKnHTvnjTKnikQnTD1THDLnWELPWmdPWT1rjEKPjbKwbnVNDnVENGssXXMMSpcfzLG8OWCoJH-BFxCCpWGCUNKnEDQTEDVnEDKnH9zrjn1nHc3P1b3n10YnWbLPkDvTEDQTynQnhmduHFWsHKhmWTVPjEQnzYOmvRWsycvPj7-ryw6PHNQmkDQrjc3n1nQnW93njNOnWEYPHEdTHD3nW91n1Dzrj9knWNvP103nWEKTHD_nHTKTEDKsEDKTEDKra3Qn1E8rHN8nWcvTHTKnTDKnikQnE7exEDQnjT1P9DQnjTQPWmYTHbduhn3PWmksy7-nvNVPADYPzd6PAP-sHNzPyDLnhcOuAcduTDKPTDKTHTKnzkvPHcYsjcLP1c1THDKUMR_UT76njEYn1DdP1mzujE1rAF-&lego_tid=95fc8660-ae3e-4a47-a4ce-525a72b9db5d&psid=933d1722ba71b81c3a0a0441ab0ebb5f
!!红星 近地铁 民水民电  温馨房间 明亮户型 近大型商场,536,红星路84号小区,整租,朝南,8号线,,1室1厅35平米,白云石井 红星路84号,https://gz.zu.anjuke.com/fangyuan/3675349335449602?isauction=2&shangquan_id=6425&legoFeeUrl=https%3A%2F%2Flegoclick.58.com%2Fjump%3Ftarget%3DpZwY0ZnlsztdraOWUvYKuaYOn1KbPj6WPBYvPhm1sHwWPvEVrjwhPidBPvRbnWI6uhNQujTKnHTkP1mznWT3PWcLnWmdTED1PW0dn1EOn1ndPjEOPWTzTHbOnjTKP1bknTDQsjDkTHnKnH0zPj0vPWNvnjn3PTDdnT7AEzdEEzdKib_VOlXxOCB4sXhehrB8Gryc-SB6Jrh6VEDQTHDKTiYQTEDQrjc3nWNkPHEdPH0zn1nOP1DzTHmKTHDKP1bOnj6WuHnVuHbkmiYYmH-WsH6WPhEVmhFbPjTQnvEYryE1THD3nW9zPHTdPjm3rjNQPWTOPWTKnH9zrjcdnjNYPW9dPH03PjEYrEDKnikQnTDKTEDVTEDKTED3sWD1Pa3OPi3znWmKnTDkTEDQsjDQTgVqTHDknjnvTHDknjDvPWEKrynQmHuBmyDVnyNQPaYYrynYsyc1PjNVnvwWnWD1mvEkPWnOTEDYTEDKnTD1sjDvPHb_PWEzPEDQTyOdUAkKmWPWPyw-PHD3rHN3mWRBPE&lego_tid=9c1a6baa-1e14-49c4-b345-3dc213cd0639&psid=933d1722ba71b81c3a0a0441ab0ebb5f
6 号线柯木塱 阳光大单间 价格实惠 空气清新,890,柯木塱新元大街小区,整租,南北,6号线,,1室0厅30平米,天河柯木塱 新元大街二巷3-3号,https://gz.zu.anjuke.com/fangyuan/3679489564023809?isauction=2&shangquan_id=12993&legoFeeUrl=https%3A%2F%2Flegoclick.58.com%2Fjump%3Ftarget%3DpZwY0ZnlsztdraOWUvYKuaYOn1KbPj6WPBYvPhm1sHwWPvEVrjwhPidBPvRbnWI6uhNQujTKPWczrjnYrj9LPjcvP1cKTHnvP1bYrjbdPWEknWn3njbKrHbknTDLrHTkTHD_nHTKnkDQP1cYP1mvPHmkn19dTHNQTNujsRKjsN72izLMGO4hBstVlU8ml2lbOmBgl2AClpAdTHDKnEDKsHDKTHD3nW9Ynjc1PWN3P1b3PH0QPHnKP9DKnEDzuy7BnHEOuaYOP1NOsHwBrjDVrH7hniY3rj9vPyu6uWmdP1nKnH9zrjEknWnvPHbvP1bYnHm1nkDQrjc3PjTzn1mdrHnYn1bQnWbvTEDQsjDkTEDKTiYKTEDKTH98nHnYsWbdsWczP9DkTHTKTHD_nHDKXLYKnHTkn1mKnHTknHmvPTD3m1cdPj0kuBYzuhcksHEYP1NVmWNOPadBPWcOn1P-nWE3uHTKTHEKTEDkTHn_nHmdPakQnWbOnkDQTyOdUAkKmH-BnWc1uHcOnyw-PWTvn9&lego_tid=8c25470f-2fb0-4475-b594-b62933e248e0&psid=933d1722ba71b81c3a0a0441ab0ebb5f
6 号线柯木塱 电梯精装阳台一房一厅 ，家电齐全 拎包入住,1300,柯木塱新村东街自建房,整租,南北,6号线,,1室0厅46平米,天河柯木塱 柯木塱新村东街一巷5-3号,https://gz.zu.anjuke.com/fangyuan/3675320408169484?isauction=2&shangquan_id=12993&legoFeeUrl=https%3A%2F%2Flegoclick.58.com%2Fjump%3Ftarget%3DpZwY0ZnlsztdraOWUvYKuaYOn1KbPj6WPBYvPhm1sHwWPvEVrjwhPidBPvRbnWI6uhNQujTKPWczrjnYrj9LPjcvP1cKTHnvP1N1nWTYnj9QPWbYrjEKrHbknTDLrHTkTHD_nHTKnkDQP1cYP1mvPHmkn19dTHNzTNujsRKjsN72izLMGO4hBstVlU8ml2lbOmBgl2AClpAdTHDKnEDKsHDKTHD3nW9zrHDvnWT3PjE1rj91PHcKP9DKnEDkrH-hP16bPzYOnHcksHEvrj0VmW93nidbnjE1nWN1nHIhnhnKnH9zrjcOnHmznjbQrH93rHbznEDQrjc3nWbQPWckrjb3rHDknWT3TEDQsjDkTEDKTiYKTEDKTH98nHnYsWbdsWczP9DkTHTKTHD_nHDKXLYKnHTkn1mKnHTknHmvPTDknywbmHDzniYvuHP-sHw-rjNVrycznaYYujw-mW9Ym1uWPWEKTHEKTEDkTHn_nHmdPakQnWbOnkDQTyOdUAkKmhE3my7WnjPBPjmznW-BPE&lego_tid=01dda121-6e3e-4e85-9b20-4d4eb84c6c64&psid=933d1722ba71b81c3a0a0441ab0ebb5f
白云大道北地铁100米 近安华汇精装小区公寓一房一厅带阳台,1380,磨溪小区,整租,朝南,有电梯,2号线/3号线(北延段),1室1厅50平米,白云永泰 同泰路86号,https://gz.zu.anjuke.com/fangyuan/3686858924433417?isauction=2&shangquan_id=6742&legoFeeUrl=https%3A%2F%2Flegoclick.58.com%2Fjump%3Ftarget%3DpZwY0ZnlsztdraOWUvYKuaYOn1KbPj6WPBYvPhm1sHwWPvEVrjwhPidBPvRbnWI6uhNQujTKrjDOnHbOP1Nzn1ndP1TKTHnvrjm3PH9OnWEYn1nYnH0KnHDzrH9KrHTknTDQsjDkTHnKnH0zPj0vPWNvnjn3PEDdnk7AEzdEEzdKib_VOlXxOCB4sXhehrB8Gryc-SB6Jrh6VEDQTHDKTiYQTEDQrjc3njmYnHD3njEdP1ckPH0vTHmKTHDKnWwhnH--P1TVmW7-raYYnhuWsyD1rAcVuHmQujbdnj7-uhmdTHD3nW9kPWEQnH9QnWbvnjmvPHmKnH9zrjTvPjDQrjTOnH9Orj93nTDKnikQnTDKTEDVTEDKTED3sWD1Pa3OPi3znWmKnTDkTEDQsjDQTgVqTHDknjnvTHDknjDvPWEKnjmkmyP6myNVmHcOuBYYP1u-sH-hrjEVn16-nHc1my7bnjNkTEDYTEDKnTD1sjDvPHb_PW0Yn9DQTyOdUAkKmH9QnH7WPWE1mhnYPADkrT&lego_tid=060acaae-a29f-476e-9f84-38e123aad050&psid=933d1722ba71b81c3a0a0441ab0ebb5f
天河北 鸿翔大厦 正规一房一厅 近华师地铁 急租 拎包入住,3300,鸿翔大厦,整租,朝南,有电梯,3号线/3号线(北延段)/APM线,1室1厅42.2平米,天河龙口东 天河北路615号,https://gz.zu.anjuke.com/fangyuan/3685214193064964?isauction=2&shangquan_id=11437&legoFeeUrl=https%3A%2F%2Flegoclick.58.com%2Fjump%3Ftarget%3DpZwY0ZnlsztdraOWUvYKuaYOn1KbPj6WPBYvPhm1sHwWPvEVrjwhPidBPvRbnWI6uhNQujTKP1NdPHczPjN3njE1nWnKTHnvrjNznHEQrHnkPWEOPWEKnH0YnjTKnHn3rHbKnikQnTD1THDLnWELPWmdPWT1rjNKPHEKwbnVNDnVENGssXXMMSpcfzLG8OWCoJH-BFxCCpWGCUNKnEDQTEDVnEDKnH9zrjcYn1n3rjTvn19vnW03PEDvTEDQTH7BnWTLmH03sHEQPHcVPjEOnzdBP1EQsHEknA76nyFBnWDQmEDQrjc3nWE1n193nHmkn1nQP10vTHD3nW9zPjn1rj9QPj0LPHcOPWDKTHD_nHTKTEDKsEDKTEDKra3Qn1E8rHN8nWcvTHTKnTDKnikQnE7exEDQnjT1P9DQnjTQPWmYTymknhmvrHFbsH9LmvEVPj--mBY3n1bLsyRbuW9LnWb3P10OPEDKPTDKTHTKnzkQPWNYsjDQPjnLTHDKUMR_UTDOrjT1n1w-PjELnyndnAw6&lego_tid=f02f692d-87cd-49eb-8397-edf872987795&psid=933d1722ba71b81c3a0a0441ab0ebb5f
整租|永泰站无遮挡看白云山大单间南北通透空气好家私家电齐全,800,元下田村,整租,朝南,有电梯,3号线(北延段),1室1厅35平米,白云永泰 元下田三路,https://gz.zu.anjuke.com/fangyuan/3648424188582924?isauction=2&shangquan_id=6742&legoFeeUrl=https%3A%2F%2Flegoclick.58.com%2Fjump%3Ftarget%3DpZwY0ZnlsztdraOWUvYKuaYOn1KbPj6WPBYvPhm1sHwWPvEVrjwhPidBPvRbnWI6uhNQujTKrHmQnHbdnjEOnHNYrjbKTHnvPj9YnWEQrj9drjcOnWEKnHDzrH9KrHTknTDQsjDkTHnKnH0zPj0vPWNvnjn3PEDdPE7AEzdEEzdKib_VOlXxOCB4sXhehrB8Gryc-SB6Jrh6VEDQTHDKTiYQTEDQrjc3PjDvnH0YnjTzPHb1P1bzTHmKTHDKnjwBnjEQujDVm1mkraYYnhwBsH93rADVry76ryEYPWnLmhmkTHD3nW9YnHmQP1EkPWbvrH9dPWTKnH9zrjEQPWDLPjTYrj0zP1TYnTDKnikQnTDKTEDVTEDKTED3sWD1Pa3OPi3znWmKnTDkTEDQsjDQTgVqTHDknjnvTHDknjDvPWEKrjm3m1n1nHTVnhPhnzYYPH6BsH9dnvDVmWmznvR-mhNkmvDLTEDYTEDKnTD1sjDvPHb_PW0Yn9DQTyOdUAkKnWubm1RBrHI6rjI6ujnQrE&lego_tid=868c3310-2cf3-458b-853a-b623eebe0ca7&psid=933d1722ba71b81c3a0a0441ab0ebb5f
拒绝城中村 民水电 网红ins风大单间 可养宠物 专人管理,1000,果园街五巷八号自建房,整租,朝南,有电梯,2/14号线/3号线(北延段),1室0厅35平米,白云嘉禾望岗 果园街五巷八号,https://gz.zu.anjuke.com/fangyuan/3458766237410304?isauction=2&shangquan_id=12290&legoFeeUrl=https%3A%2F%2Flegoclick.58.com%2Fjump%3Ftarget%3DpZwY0ZnlsztdraOWUvYKuaYOn1KbPj6WPBYvPhm1sHwWPvEVrjwhPidBPvRbnWI6uhNQujTKP1TkPWTvn1cLPjD1rH0KTHnYPH9LPWmzn10YnHT1njEKnHDQnjTKnHDQnjTKnikQnTD1THDLnWELPWmdPWT1rjNKPHmKwbnVNDnVENGssXXMMSpcfzLG8OWCoJH-BFxCCpWGCUNKnEDQTEDVnEDKnH9zrjn1PWT1nWDdPW9QnHcvPTDvTEDQTyEvuhwWujT3sHEvP10VPjm1mBd6rH7bsH-WPj9LmWNOnj66uEDQrjc3n1nvnjnznW0knjnvrHb1THD3nW91n1mkn1cznHNdn1DdnWTKTHD_nHTKTEDKsEDKTEDKra3Qn1E8rHN8nWcvTHTKnTDKnikQnE7exEDQnjT1P9DQnjTQPWmYTynQPhPbuARbsHnzmynVPj6bPidBPvuWsyw-PWRWPH6Wujm3rTDKPTDKTHTKnzkQPWNOsjDznWbkTHDKUMR_UTDQPH-bmhN3myPhn1cduj0L&lego_tid=c16cdded-32ac-48d5-b7fc-de65c58cd688&psid=933d1722ba71b81c3a0a0441ab0ebb5f
高塘石近地铁 酒店式公寓 豪华装修 家电家私齐全 拎包入住,690,柯木塱塘石中街小区,整租,南北,6号线,,1室0厅35平米,天河柯木塱 柯木塱塘石中街16号,https://gz.zu.anjuke.com/fangyuan/3570677276696587?isauction=2&shangquan_id=12993&legoFeeUrl=https%3A%2F%2Flegoclick.58.com%2Fjump%3Ftarget%3DpZwY0ZnlsztdraOWUvYKuaYOn1KbPj6WPBYvPhm1sHwWPvEVrjwhPidBPvRbnWI6uhNQujTKrH9vrj9YnWbdPj0kP1DKTHndP1TvP10zP1mvrHmdrj0KrHbknTDLrHTkTHD_nHTKnkDQP1cYP1mvPHmkn19dTHNLTNujsRKjsN72izLMGO4hBstVlU8ml2lbOmBgl2AClpAdTHDKnEDKsHDKTHD3nW9Ynj0vPHmOP10drjEQnWbKP9DKnEDkPj9dnhnLnidhnjnOsHEznAmVmWNvPzdWPyDdnHbvm1NdrHnKnH9zrjEkP1mdP1T1PWnQPWmLn9DQrjc3PjTLPWNLnjEYPW9YrjTkTEDQsjDkTEDKTiYKTEDKTH98nHnYsWbdsWczP9DkTHTKTHD_nHDKXLYKnHTkn1mKnHTknHmvPT7hnHczuymdPaY3uHb3sHE3nAEVmhn3mBYdn1EvnhELmWFWuhcKTHEKTEDkTHn_nHmdPakQnWbOnkDQTyOdUAkKPWc1m1T3PWDLmhN3mHK-PE&lego_tid=f122ef54-8e98-480d-bc8b-53462d7b2cfb&psid=933d1722ba71b81c3a0a0441ab0ebb5f
靠路边的全新温馨一房一厅 可养宠物 拎包入住,1380,上胜大厦,整租,东北,有电梯,2/14号线/3号线(北延段),1室1厅50平米,白云嘉禾望岗 望岗荷木岭街,https://gz.zu.anjuke.com/fangyuan/3560904884133903?isauction=2&shangquan_id=12290&legoFeeUrl=https%3A%2F%2Flegoclick.58.com%2Fjump%3Ftarget%3DpZwY0ZnlsztdraOWUvYKuaYOn1KbPj6WPBYvPhm1sHwWPvEVrjwhPidBPvRbnWI6uhNQujTKPWEYrHnQP1TznHNQrjnKTHndPWTOnjE3rjEQn1nOnjnKnHDQnjTKrjbknTDQsjDkTHnKnH0zPj0vPWNvnjn3PEDdrT7AEzdEEzdKib_VOlXxOCB4sXhehrB8Gryc-SB6Jrh6VEDQTHDKTiYQTEDQrjc3Pjc3PHbknWckn1mOrHcQTHmKTHDKmhn3nHF-rANVrjTOnaYYuhcLsH9kuW9VPjTvmWmkmyc1ujDYTHD3nW9YnW9drHT1nj9YPHT1njEKnH9zrjEzrjNOnjc3P1ELnjNOn9DKnikQnTDKTEDVTEDKTED3sWD1Pa3OPi3znWmKnTDkTEDQsjDQTgVqTHDknjnvTHDknjDvPWEKnycduWKbmWmVPHbYmiYYnhEQsy7hrj9VrHcYnHn1nHcOuW03TEDYTEDKnTD1sjDvPHb_nHczrHTKnE78IyQ_TyFWnhEOnj6BmWPWrjNvryn&lego_tid=1b5f0db6-594a-42d1-af88-924133129f78&psid=933d1722ba71b81c3a0a0441ab0ebb5f
星汇云城 4室1厅1卫  电梯房 93平米,7500,星汇云城,整租,朝南,有电梯,,4室1厅93.1平米,白云同和 同宝路段163号,https://gz.zu.anjuke.com/fangyuan/3676847431506946?isauction=2&shangquan_id=1737&legoFeeUrl=https%3A%2F%2Flegoclick.58.com%2Fjump%3Ftarget%3DpZwY0ZnlsztdraOWUvYKuaYOn1KbPj6WPBYvPhm1sHwWPvEVrjwhPidBPvRbnWI6uhNQujTKrHDQnjTzn1cOnjcOPWDKTHnvP1m3Pj0Yn1DdnjmOPjmKnHDOnjTKnHDOnjTKnikQnTD1THDLnWELPWmdPWT1rjNKPHbKwbnVNDnVENGssXXMMSpcfzLG8OWCoJH-BFxCCpWGCUNKnEDQTEDVnEDKnH9zP1bvnWmYn101PjbkPj91n9DvTEDQTH7bn1wWuAnYsH9Orj0VPjmkPzdBnWbLsyn1nHc1uHRbm10drEDQrjcLrHmzPWEdnHDYrjnkrjEOTHD3nW0OPWcvPjNkrjNYPWmvnWNKTHD_nHTKTEDKsEDKTEDKra3Qn1E8rHN8nWcvTHTKnTDKnikQnE7exEDQnjT1P9DQnjTQPWmYTHu-nAnkuj9LsHIbuADVPjw-nBdBmWIWsHu6uyn1njnYmyP-uEDKPTDKTHTKnzkQPWNOsjDLn10KnE78IyQ_TyuWnyE1rH01PHRbnj0vnAn&lego_tid=6e0c0d87-7dda-44e2-bb7c-6aec3034acee&psid=933d1722ba71b81c3a0a0441ab0ebb5f
实拍！嘉禾望岗天花板装修一房一厅 超大连排衣柜 家私齐可养宠,1500,上胜大厦,整租,朝东,有电梯,2/14号线/3号线(北延段),1室1厅50平米,白云嘉禾望岗 望岗荷木岭街,https://gz.zu.anjuke.com/fangyuan/3654403678560271?isauction=2&shangquan_id=12290&legoFeeUrl=https%3A%2F%2Flegoclick.58.com%2Fjump%3Ftarget%3DpZwY0ZnlsztdraOWUvYKuaYOn1KbPj6WPBYvPhm1sHwWPvEVrjwhPidBPvRbnWI6uhNQujTKrjc1PWDzrHNLnWmQnj9KTHnvPHEYnjnvP19dPWTzP1DKnHDQnjTKrjbknTDQsjDkTHnKnH0zPj0vPWNvnjn3PEDvnT7AEzdEEzdKib_VOlXxOCB4sXhehrB8Gryc-SB6Jrh6VEDQTHDKTiYQTEDQrjc3n1nLn1DQPWNYn1bQrjT3THmKTHDKnWcvmHRhmynVnHuBmzYYrjTksH6WrjDVP1PbryEYPAnYnjbkTHD3nW91n101nHDLn1EkrHDLP1mKnH9zrjn1P1nQnH0QP1nkPWnvrTDKnikQnTDKTEDVTEDKTED3sWD1Pa3OPi3znWmKnTDkTEDQsjDQTgVqTHDknjnvTHDknjDvPWEKmWD1PH93P1NVrAEOPzYYmWDvsyDknhnVuWELrHTYuhndujEQTEDYTEDKnTD1sjDvPHb_nHczrHTKnE78IyQ_Tyu6m1nduHPWnjFWPvEdmym&lego_tid=b1358875-8d97-4b16-a02c-f47904fc5d41&psid=933d1722ba71b81c3a0a0441ab0ebb5f
